SET session_replication_role = replica;

--
-- PostgreSQL database dump
--

-- \restrict zsk444Eur1LYVbpRTr5h3bLtmmhrdQCUrUu9iAR0tCVTHmpYhUhgci4tZlPf6Lv

-- Dumped from database version 17.6
-- Dumped by pg_dump version 17.6

SET statement_timeout = 0;
SET lock_timeout = 0;
SET idle_in_transaction_session_timeout = 0;
SET transaction_timeout = 0;
SET client_encoding = 'UTF8';
SET standard_conforming_strings = on;
SELECT pg_catalog.set_config('search_path', '', false);
SET check_function_bodies = false;
SET xmloption = content;
SET client_min_messages = warning;
SET row_security = off;

--
-- Data for Name: audit_log_entries; Type: TABLE DATA; Schema: auth; Owner: supabase_auth_admin
--

COPY "auth"."audit_log_entries" ("instance_id", "id", "payload", "created_at", "ip_address") FROM stdin;
\.


--
-- Data for Name: custom_oauth_providers; Type: TABLE DATA; Schema: auth; Owner: supabase_auth_admin
--

COPY "auth"."custom_oauth_providers" ("id", "provider_type", "identifier", "name", "client_id", "client_secret", "acceptable_client_ids", "scopes", "pkce_enabled", "attribute_mapping", "authorization_params", "enabled", "email_optional", "issuer", "discovery_url", "skip_nonce_check", "cached_discovery", "discovery_cached_at", "authorization_url", "token_url", "userinfo_url", "jwks_uri", "created_at", "updated_at", "custom_claims_allowlist") FROM stdin;
\.


--
-- Data for Name: flow_state; Type: TABLE DATA; Schema: auth; Owner: supabase_auth_admin
--

COPY "auth"."flow_state" ("id", "user_id", "auth_code", "code_challenge_method", "code_challenge", "provider_type", "provider_access_token", "provider_refresh_token", "created_at", "updated_at", "authentication_method", "auth_code_issued_at", "invite_token", "referrer", "oauth_client_state_id", "linking_target_id", "email_optional") FROM stdin;
\.


--
-- Data for Name: users; Type: TABLE DATA; Schema: auth; Owner: supabase_auth_admin
--

COPY "auth"."users" ("instance_id", "id", "aud", "role", "email", "encrypted_password", "email_confirmed_at", "invited_at", "confirmation_token", "confirmation_sent_at", "recovery_token", "recovery_sent_at", "email_change_token_new", "email_change", "email_change_sent_at", "last_sign_in_at", "raw_app_meta_data", "raw_user_meta_data", "is_super_admin", "created_at", "updated_at", "phone", "phone_confirmed_at", "phone_change", "phone_change_token", "phone_change_sent_at", "email_change_token_current", "email_change_confirm_status", "banned_until", "reauthentication_token", "reauthentication_sent_at", "is_sso_user", "deleted_at", "is_anonymous") FROM stdin;
\.


--
-- Data for Name: identities; Type: TABLE DATA; Schema: auth; Owner: supabase_auth_admin
--

COPY "auth"."identities" ("provider_id", "user_id", "identity_data", "provider", "last_sign_in_at", "created_at", "updated_at", "id") FROM stdin;
\.


--
-- Data for Name: instances; Type: TABLE DATA; Schema: auth; Owner: supabase_auth_admin
--

COPY "auth"."instances" ("id", "uuid", "raw_base_config", "created_at", "updated_at") FROM stdin;
\.


--
-- Data for Name: oauth_clients; Type: TABLE DATA; Schema: auth; Owner: supabase_auth_admin
--

COPY "auth"."oauth_clients" ("id", "client_secret_hash", "registration_type", "redirect_uris", "grant_types", "client_name", "client_uri", "logo_uri", "created_at", "updated_at", "deleted_at", "client_type", "token_endpoint_auth_method") FROM stdin;
\.


--
-- Data for Name: sessions; Type: TABLE DATA; Schema: auth; Owner: supabase_auth_admin
--

COPY "auth"."sessions" ("id", "user_id", "created_at", "updated_at", "factor_id", "aal", "not_after", "refreshed_at", "user_agent", "ip", "tag", "oauth_client_id", "refresh_token_hmac_key", "refresh_token_counter", "scopes") FROM stdin;
\.


--
-- Data for Name: mfa_amr_claims; Type: TABLE DATA; Schema: auth; Owner: supabase_auth_admin
--

COPY "auth"."mfa_amr_claims" ("session_id", "created_at", "updated_at", "authentication_method", "id") FROM stdin;
\.


--
-- Data for Name: mfa_factors; Type: TABLE DATA; Schema: auth; Owner: supabase_auth_admin
--

COPY "auth"."mfa_factors" ("id", "user_id", "friendly_name", "factor_type", "status", "created_at", "updated_at", "secret", "phone", "last_challenged_at", "web_authn_credential", "web_authn_aaguid", "last_webauthn_challenge_data") FROM stdin;
\.


--
-- Data for Name: mfa_challenges; Type: TABLE DATA; Schema: auth; Owner: supabase_auth_admin
--

COPY "auth"."mfa_challenges" ("id", "factor_id", "created_at", "verified_at", "ip_address", "otp_code", "web_authn_session_data") FROM stdin;
\.


--
-- Data for Name: oauth_authorizations; Type: TABLE DATA; Schema: auth; Owner: supabase_auth_admin
--

COPY "auth"."oauth_authorizations" ("id", "authorization_id", "client_id", "user_id", "redirect_uri", "scope", "state", "resource", "code_challenge", "code_challenge_method", "response_type", "status", "authorization_code", "created_at", "expires_at", "approved_at", "nonce") FROM stdin;
\.


--
-- Data for Name: oauth_client_states; Type: TABLE DATA; Schema: auth; Owner: supabase_auth_admin
--

COPY "auth"."oauth_client_states" ("id", "provider_type", "code_verifier", "created_at") FROM stdin;
\.


--
-- Data for Name: oauth_consents; Type: TABLE DATA; Schema: auth; Owner: supabase_auth_admin
--

COPY "auth"."oauth_consents" ("id", "user_id", "client_id", "scopes", "granted_at", "revoked_at") FROM stdin;
\.


--
-- Data for Name: one_time_tokens; Type: TABLE DATA; Schema: auth; Owner: supabase_auth_admin
--

COPY "auth"."one_time_tokens" ("id", "user_id", "token_type", "token_hash", "relates_to", "created_at", "updated_at") FROM stdin;
\.


--
-- Data for Name: refresh_tokens; Type: TABLE DATA; Schema: auth; Owner: supabase_auth_admin
--

COPY "auth"."refresh_tokens" ("instance_id", "id", "token", "user_id", "revoked", "created_at", "updated_at", "parent", "session_id") FROM stdin;
\.


--
-- Data for Name: sso_providers; Type: TABLE DATA; Schema: auth; Owner: supabase_auth_admin
--

COPY "auth"."sso_providers" ("id", "resource_id", "created_at", "updated_at", "disabled") FROM stdin;
\.


--
-- Data for Name: saml_providers; Type: TABLE DATA; Schema: auth; Owner: supabase_auth_admin
--

COPY "auth"."saml_providers" ("id", "sso_provider_id", "entity_id", "metadata_xml", "metadata_url", "attribute_mapping", "created_at", "updated_at", "name_id_format") FROM stdin;
\.


--
-- Data for Name: saml_relay_states; Type: TABLE DATA; Schema: auth; Owner: supabase_auth_admin
--

COPY "auth"."saml_relay_states" ("id", "sso_provider_id", "request_id", "for_email", "redirect_to", "created_at", "updated_at", "flow_state_id") FROM stdin;
\.


--
-- Data for Name: sso_domains; Type: TABLE DATA; Schema: auth; Owner: supabase_auth_admin
--

COPY "auth"."sso_domains" ("id", "sso_provider_id", "domain", "created_at", "updated_at") FROM stdin;
\.


--
-- Data for Name: webauthn_challenges; Type: TABLE DATA; Schema: auth; Owner: supabase_auth_admin
--

COPY "auth"."webauthn_challenges" ("id", "user_id", "challenge_type", "session_data", "created_at", "expires_at") FROM stdin;
\.


--
-- Data for Name: webauthn_credentials; Type: TABLE DATA; Schema: auth; Owner: supabase_auth_admin
--

COPY "auth"."webauthn_credentials" ("id", "user_id", "credential_id", "public_key", "attestation_type", "aaguid", "sign_count", "transports", "backup_eligible", "backed_up", "friendly_name", "created_at", "updated_at", "last_used_at") FROM stdin;
\.


--
-- Data for Name: broadcasts; Type: TABLE DATA; Schema: public; Owner: postgres
--

COPY "public"."broadcasts" ("id", "created_at", "title", "message", "broadcast_type", "target_type", "target_categories", "image_url", "survey_url", "scheduled_at", "status", "total_recipients", "metadata") FROM stdin;
\.


--
-- Data for Name: events; Type: TABLE DATA; Schema: public; Owner: postgres
--

COPY "public"."events" ("id", "name", "date", "created_at", "year", "status", "is_default") FROM stdin;
1760ad65-52a2-4f54-98cc-9c0df824384d	Rhapsody - May 2026	2026-05-09	2026-04-11 09:31:05.378462+00	2026	archived	t
5937be00-e493-43bb-a74c-3e6fdbcb108a	Rhapsody - May 2027	2027-05-09	2026-04-11 09:31:05.378462+00	2027	active	f
\.


--
-- Data for Name: profiles; Type: TABLE DATA; Schema: public; Owner: postgres
--

COPY "public"."profiles" ("id", "name", "phone", "roles", "password", "pass_targets") FROM stdin;
0535f797-c54c-4f71-a309-24a34f2ca771	Afrin	+918056629655	{organiser}	12345	{"VIP Pass": 0, "Donor Pass": 5, "Student Pass": 0, "Platinum Pass": 205}
2d75efa4-4a1f-44f4-b5fa-0c25106aa40e	Saravanan 	+919962293848	{organiser,admin,front_desk}	54321	\N
88bde73d-1b6f-4fab-b20f-4259c070beb9	Arun	+919994561398	{organiser,admin,front_desk}	12345	{"Donor Pass": 150, "Student Pass": 0, "Platinum Pass": 100}
7b146665-56b6-4cff-a6a3-ce7a7d2ff0c0	Christy	+919600363093	{organiser,admin,front_desk}	12345	{"VIP Pass": 10, "Donor Pass": 50, "Student Pass": 0, "Platinum Pass": 50}
4b2b7df6-402e-475a-a75e-244db1feb1ab	Vinyas	+919952021583	{organiser}	12345	{"Donor Pass": 10, "Student Pass": 0, "Platinum Pass": 15}
60f67a43-8b8b-4f9c-9b02-832a7c8d7e0b	Yuva	+918825451092	{organiser}	12345	{"Donor Pass": 25, "Student Pass": 0, "Platinum Pass": 125}
5ef44e0d-5d15-4819-8671-36142896630f	Andrew	+919884045557	{organiser,admin,front_desk}	12345	{"Donor Pass": 0, "Student Pass": 0, "Platinum Pass": 10}
d3cf5d6d-6584-45bf-93f2-1b2f1676c86a	Vishwa	+919884465080	{organiser,admin,front_desk}	12345	{"Donor Pass": 10, "Student Pass": 0, "Platinum Pass": 20}
a0bfdf23-7cbb-41c6-a57a-fa6d881e0f54	Aysh	+919840803381	{organiser}	12345	{"Donor Pass": 10, "Student Pass": 0, "Platinum Pass": 25}
c9daa7a0-1fc9-4a2d-81bf-556dbcacc11b	Babitha	+916382014335	{organiser}	12345	{"Donor Pass": 10, "Student Pass": 0, "Platinum Pass": 10}
858ce20d-697e-4c1a-9959-34ba2631d162	Sangeetha	+917871734455	{front_desk}	1234	\N
a0e024a6-b6ca-49c4-b5f2-bc2d57e047d0	Ramesh	+917530040999	{admin}	1234	\N
c0060f90-9eae-4216-906b-efb53fa56c13	Jeba	+917401250786	{organiser}	12345	{"Donor Pass": 10, "Student Pass": 0, "Platinum Pass": 20}
1ab34fd7-8f6d-4965-b55a-2fad349ff84f	Jenny	+919940744318	{admin,organiser,front_desk}	54321	{"Donor Pass": 100, "Student Pass": 0, "Platinum Pass": 75}
0149ddc1-f235-4143-95a9-c42268fb665e	Jessita	+919095497777	{organiser}	12345	{"Donor Pass": 0, "Student Pass": 0, "Platinum Pass": 20}
415c3cfe-6c47-4cb8-8bef-d6cb5425117d	Bala	+919952994683	{organiser}	Balamando@2!	{"Donor Pass": 10, "Student Pass": 0, "Platinum Pass": 15}
a646bee7-c6c4-4c56-830c-f4601c4baea0	Preetha	+916369039115	{organiser}	12345	{"Donor Pass": 10, "Student Pass": 0, "Platinum Pass": 20}
833d712d-878a-4cff-9901-2bb7df0957a9	Ramya	+919994178806	{organiser,admin,front_desk}	12345	{"Donor Pass": 20, "Student Pass": 0, "Platinum Pass": 50}
c18933ae-3cde-4079-9ee8-8ac82f759449	Ravi	+919677197979	{organiser}	12345	{"Donor Pass": 10, "Student Pass": 20, "Platinum Pass": 20}
bff238f7-3839-48d1-aaa4-5a8ac5f888ca	Helen	+919043021132	{front_desk}	1234	\N
2bb99893-e333-46a7-8f14-f28193fd00dc	Tanu	+919789011020	{organiser}	Tanu2309#%	{"Donor Pass": 10, "Student Pass": 0, "Platinum Pass": 10}
72f914fc-f78b-42bc-bd4a-4030132e1734	Monisha	+918939409722	{front_desk}	fd12345	\N
b0b09d7e-10a2-48fc-b892-114fb82fc500	Roshini	+919840801328	{organiser}	Bestie@17	{"Donor Pass": 50, "Student Pass": 0, "Platinum Pass": 15}
92717dc1-5612-4b3e-a4f2-9bc24839f0df	Vicky	+919940636636	{organiser}	12345	{"Donor Pass": 5, "Student Pass": 0, "Platinum Pass": 5}
5fb423f4-bc9e-475e-aad0-80a220ec1ab8	Someesh	+918939017332	{organiser}	12345	{"Donor Pass": 0, "Student Pass": 0, "Platinum Pass": 0}
\.


--
-- Data for Name: event_targets; Type: TABLE DATA; Schema: public; Owner: postgres
--

COPY "public"."event_targets" ("id", "created_at", "profile_id", "event_id", "targets") FROM stdin;
693e624b-bf68-4531-9f2f-2941c5b07f1f	2026-05-15 17:23:37.383464+00	0535f797-c54c-4f71-a309-24a34f2ca771	1760ad65-52a2-4f54-98cc-9c0df824384d	{"VIP Pass": 0, "Donor Pass": 5, "Student Pass": 0, "Platinum Pass": 205}
5505dc57-3939-4261-af8b-b7a8b11caab7	2026-05-15 17:23:37.383464+00	88bde73d-1b6f-4fab-b20f-4259c070beb9	1760ad65-52a2-4f54-98cc-9c0df824384d	{"Donor Pass": 150, "Student Pass": 0, "Platinum Pass": 100}
68eef340-3285-4112-bc79-6c3263541766	2026-05-15 17:23:37.383464+00	7b146665-56b6-4cff-a6a3-ce7a7d2ff0c0	1760ad65-52a2-4f54-98cc-9c0df824384d	{"VIP Pass": 10, "Donor Pass": 50, "Student Pass": 0, "Platinum Pass": 50}
a347df0b-aa94-4a7b-8740-c529a068d0f3	2026-05-15 17:23:37.383464+00	4b2b7df6-402e-475a-a75e-244db1feb1ab	1760ad65-52a2-4f54-98cc-9c0df824384d	{"Donor Pass": 10, "Student Pass": 0, "Platinum Pass": 15}
1541b832-7d8f-4dc2-b986-8373527fd166	2026-05-15 17:23:37.383464+00	60f67a43-8b8b-4f9c-9b02-832a7c8d7e0b	1760ad65-52a2-4f54-98cc-9c0df824384d	{"Donor Pass": 25, "Student Pass": 0, "Platinum Pass": 125}
48eb2f2b-d956-4207-8170-c9015d471e33	2026-05-15 17:23:37.383464+00	5ef44e0d-5d15-4819-8671-36142896630f	1760ad65-52a2-4f54-98cc-9c0df824384d	{"Donor Pass": 0, "Student Pass": 0, "Platinum Pass": 10}
cc2ddb9c-9b5b-4e94-aaf5-cd3ca5018b6d	2026-05-15 17:23:37.383464+00	d3cf5d6d-6584-45bf-93f2-1b2f1676c86a	1760ad65-52a2-4f54-98cc-9c0df824384d	{"Donor Pass": 10, "Student Pass": 0, "Platinum Pass": 20}
c297221e-174b-4436-ab62-de785a51c5e7	2026-05-15 17:23:37.383464+00	a0bfdf23-7cbb-41c6-a57a-fa6d881e0f54	1760ad65-52a2-4f54-98cc-9c0df824384d	{"Donor Pass": 10, "Student Pass": 0, "Platinum Pass": 25}
4f524e92-6d8e-4ee4-9c25-560935e0d782	2026-05-15 17:23:37.383464+00	c9daa7a0-1fc9-4a2d-81bf-556dbcacc11b	1760ad65-52a2-4f54-98cc-9c0df824384d	{"Donor Pass": 10, "Student Pass": 0, "Platinum Pass": 10}
f630316e-b783-4ed7-b1a0-5e72ffad2a31	2026-05-15 17:23:37.383464+00	c0060f90-9eae-4216-906b-efb53fa56c13	1760ad65-52a2-4f54-98cc-9c0df824384d	{"Donor Pass": 10, "Student Pass": 0, "Platinum Pass": 20}
68a52e1f-af77-4472-bd3b-97e535e2c1bc	2026-05-15 17:23:37.383464+00	1ab34fd7-8f6d-4965-b55a-2fad349ff84f	1760ad65-52a2-4f54-98cc-9c0df824384d	{"Donor Pass": 100, "Student Pass": 0, "Platinum Pass": 75}
506c6b0b-436a-40ae-a57a-8b9626ff66c7	2026-05-15 17:23:37.383464+00	0149ddc1-f235-4143-95a9-c42268fb665e	1760ad65-52a2-4f54-98cc-9c0df824384d	{"Donor Pass": 0, "Student Pass": 0, "Platinum Pass": 20}
9f9584a7-6fcc-4f64-93d5-faa724ad9b22	2026-05-15 17:23:37.383464+00	415c3cfe-6c47-4cb8-8bef-d6cb5425117d	1760ad65-52a2-4f54-98cc-9c0df824384d	{"Donor Pass": 10, "Student Pass": 0, "Platinum Pass": 15}
d470a794-363a-4a11-9f68-42700fe818ae	2026-05-15 17:23:37.383464+00	a646bee7-c6c4-4c56-830c-f4601c4baea0	1760ad65-52a2-4f54-98cc-9c0df824384d	{"Donor Pass": 10, "Student Pass": 0, "Platinum Pass": 20}
8c1f8fa1-2fc0-45cc-bb10-5c8251f43ea6	2026-05-15 17:23:37.383464+00	833d712d-878a-4cff-9901-2bb7df0957a9	1760ad65-52a2-4f54-98cc-9c0df824384d	{"Donor Pass": 20, "Student Pass": 0, "Platinum Pass": 50}
057cc44e-8f99-4713-a2ec-c8e18d0250f3	2026-05-15 17:23:37.383464+00	c18933ae-3cde-4079-9ee8-8ac82f759449	1760ad65-52a2-4f54-98cc-9c0df824384d	{"Donor Pass": 10, "Student Pass": 20, "Platinum Pass": 20}
91575dd9-8649-4fdf-9df9-41c4e0ef7e96	2026-05-15 17:23:37.383464+00	2bb99893-e333-46a7-8f14-f28193fd00dc	1760ad65-52a2-4f54-98cc-9c0df824384d	{"Donor Pass": 10, "Student Pass": 0, "Platinum Pass": 10}
f456bcee-5e65-4b5f-a1fc-5bfc0e8ba772	2026-05-15 17:23:37.383464+00	b0b09d7e-10a2-48fc-b892-114fb82fc500	1760ad65-52a2-4f54-98cc-9c0df824384d	{"Donor Pass": 50, "Student Pass": 0, "Platinum Pass": 15}
8301723e-a7d7-48af-8687-8d826326e205	2026-05-15 17:23:37.383464+00	92717dc1-5612-4b3e-a4f2-9bc24839f0df	1760ad65-52a2-4f54-98cc-9c0df824384d	{"Donor Pass": 5, "Student Pass": 0, "Platinum Pass": 5}
f86d3573-6f19-4c21-8f4a-833919e67470	2026-05-15 17:23:37.383464+00	5fb423f4-bc9e-475e-aad0-80a220ec1ab8	1760ad65-52a2-4f54-98cc-9c0df824384d	{"Donor Pass": 0, "Student Pass": 0, "Platinum Pass": 0}
\.


--
-- Data for Name: tickets; Type: TABLE DATA; Schema: public; Owner: postgres
--

COPY "public"."tickets" ("id", "event_id", "type", "price", "status", "purchaser_name", "created_at", "sold_by", "purchaser_phone", "funds_destination", "quantity", "bank_txn_id", "whatsapp_status", "whatsapp_error", "last_whatsapp_at", "checked_in_count", "sequence_number", "whatsapp_opt_in", "wa_message_id", "vip_sequence_number", "checked_in_by", "last_checked_in_at") FROM stdin;
717ccea7-6978-4903-9a67-e1515fef1a41	1760ad65-52a2-4f54-98cc-9c0df824384d	Donor	1000	booked	Saravanan	2026-04-23 08:29:02.103+00	Christy	+919789840705	organizer	1	\N	sent	\N	2026-04-23 08:29:04.326+00	0	136	t	\N	\N	Saravanan 	2026-05-16 06:36:40.886+00
736f507c-8430-4690-b719-775645059443	1760ad65-52a2-4f54-98cc-9c0df824384d	Platinum	500	booked	Saravanan	2026-04-20 06:11:11.69867+00	Jenny	+919962293848	organizer	1	\N	sent	\N	2026-04-20 13:58:18.708+00	0	1	t	\N	\N	Front Desk	2026-05-16 06:56:31.157+00
65a8baa4-2bea-474f-85eb-fec4b224abb7	1760ad65-52a2-4f54-98cc-9c0df824384d	Donor	1000	booked	Saravanan	2026-04-21 10:48:44.993621+00	Preetha	+919080541187	organizer	1	\N	sent	\N	2026-04-21 10:48:46.086+00	0	79	t	\N	\N	Saravanan 	2026-05-16 06:36:47.647+00
84ecb099-455f-4093-986b-96bb5c72ceb8	1760ad65-52a2-4f54-98cc-9c0df824384d	Platinum	500	booked	Aysha	2026-04-20 12:00:38.236564+00	Someesh	+918190077805	organizer	1	\N	sent	\N	2026-04-20 12:00:38.952+00	0	38	t	\N	\N	\N	\N
ac0cbfac-aa97-441c-ab0c-915d6cb833cc	1760ad65-52a2-4f54-98cc-9c0df824384d	Donor	1000	booked	Jagan	2026-04-21 10:27:12.392365+00	Preetha	+919677056491	organizer	1	\N	sent	\N	2026-04-21 10:27:13.821+00	0	75	t	\N	\N	\N	\N
a62fbe98-d0c6-4be8-baba-9efbeac302b8	1760ad65-52a2-4f54-98cc-9c0df824384d	Donor	1000	booked	Gayathri 	2026-04-24 08:19:48.169196+00	Vinyas	+919952548910	organizer	1	\N	sent	\N	2026-04-24 08:19:49.866+00	0	149	t	\N	\N	\N	\N
ab18b07b-0820-49b4-8717-f3c5219d1ca8	1760ad65-52a2-4f54-98cc-9c0df824384d	Platinum	500	booked	Xavier	2026-04-27 07:17:41.608365+00	Christy	+919894752955	organizer	4	\N	sent	\N	2026-04-27 07:17:44.286+00	0	198	t	\N	\N	\N	\N
97a2445e-34fd-4d5a-ad7a-d5b7e285eda3	1760ad65-52a2-4f54-98cc-9c0df824384d	Platinum	500	booked	Swetha	2026-04-28 09:17:22.654786+00	Yuva	+919940266112	organizer	2	\N	sent	\N	2026-04-28 09:17:23.383+00	0	223	t	\N	\N	\N	\N
20f1618d-1b57-4f19-9d8e-2ecbe257b633	1760ad65-52a2-4f54-98cc-9c0df824384d	Platinum	500	booked	Nandhini	2026-04-29 10:01:44.389972+00	Jenny	+919962103363	organizer	4	\N	sent	\N	2026-04-29 10:01:49.022+00	0	259	t	\N	\N	\N	\N
6c923c5b-6cdd-44b5-88fe-eb0767a112f7	1760ad65-52a2-4f54-98cc-9c0df824384d	Platinum	500	booked	Anant	2026-04-30 14:13:50.0856+00	Yuva	+919841126475	organizer	4	\N	sent	\N	2026-04-30 14:13:52.029+00	0	295	t	\N	\N	\N	\N
e53f29b6-e7b5-433e-b8e8-0ff9d8d2a15a	1760ad65-52a2-4f54-98cc-9c0df824384d	Donor	1000	booked	Meliston	2026-05-02 03:42:29.245096+00	Roshini	+919087221024	organizer	1	\N	sent	\N	2026-05-02 03:42:30.861+00	0	335	t	\N	\N	\N	\N
00efef7d-dfd3-4ac4-a869-6f598178c172	1760ad65-52a2-4f54-98cc-9c0df824384d	Donor	1000	booked	Pruthesh 	2026-05-03 02:29:59.490792+00	Arun	+919008351558	trust	1	109688982275	sent	\N	2026-05-03 02:30:00.475+00	0	371	t	\N	\N	\N	\N
8b8215c7-bafa-43ca-9551-6e7cafe4a5bc	1760ad65-52a2-4f54-98cc-9c0df824384d	Donor	1000	booked	Suvedaa	2026-05-05 07:12:21.097339+00	Vishwa	+918754599099	trust	2	649168566370	sent	\N	2026-05-05 07:12:22.443+00	0	473	t	\N	\N	\N	\N
48f77e1d-259a-4374-b4e7-2dbf41eb52e8	1760ad65-52a2-4f54-98cc-9c0df824384d	Donor	1000	booked	Boopathy 	2026-05-07 19:06:17.93086+00	Arun	+917845062625	trust	5	612515048249	sent	\N	2026-05-07 19:06:19.637+00	0	627	t	\N	\N	\N	\N
a62d470f-4f15-4157-a72d-377c66dbbaa4	1760ad65-52a2-4f54-98cc-9c0df824384d	Donor	1000	booked	Jayanta Bose	2026-05-05 05:29:05.938161+00	Tanu	+917873999995	organizer	1	\N	sent	\N	2026-05-05 05:29:07.976+00	0	470	t	\N	\N	\N	\N
85743bca-7a07-4279-b977-cb9e86757f6b	1760ad65-52a2-4f54-98cc-9c0df824384d	Platinum	500	booked	Vignesh 	2026-05-07 19:07:45.247203+00	Arun	+917598467310	organizer	1	\N	sent	\N	2026-05-07 19:07:46.981+00	0	628	t	\N	\N	\N	\N
164ce3bd-1b33-42ce-9058-4cc71e609cc9	1760ad65-52a2-4f54-98cc-9c0df824384d	Platinum	500	booked	Karthick K	2026-05-07 09:18:05.203589+00	Arun	+919894154455	organizer	2	\N	sent	\N	2026-05-07 09:18:05.966+00	0	567	t	\N	\N	\N	\N
7e040776-9f75-4541-81e3-297e8b468144	1760ad65-52a2-4f54-98cc-9c0df824384d	Platinum	500	booked	Mr Ravi	2026-05-07 19:10:24.808679+00	Arun	+919444063670	trust	4	122724615400	sent	\N	2026-05-07 19:10:26.101+00	0	629	t	\N	\N	\N	\N
3186931d-dd77-443e-ac76-571f8b537df4	1760ad65-52a2-4f54-98cc-9c0df824384d	VIP	0	booked	Graciana	2026-05-07 20:55:33.588731+00	Jenny	+917045502812	organizer	4	\N	sent	\N	2026-05-08 08:43:52.702+00	0	645	t	\N	12	\N	\N
51e43be0-c6dd-410e-88d9-ec6f0cb2af50	1760ad65-52a2-4f54-98cc-9c0df824384d	VIP	0	booked	Shalini Robert	2026-05-07 20:55:52.396371+00	Arun	+919841800293	organizer	4	\N	sent	\N	2026-05-08 08:44:01.98+00	2	646	t	\N	13	\N	\N
cab5bcdf-e76d-44fb-a664-8b54cc5f2a0e	1760ad65-52a2-4f54-98cc-9c0df824384d	VIP	0	booked	Yogesh	2026-05-07 20:56:19.290821+00	Babitha	+919940520862	organizer	15	\N	sent	\N	2026-05-07 20:56:19.991+00	0	647	t	\N	14	\N	\N
56d1f056-c3a9-44b4-adcb-13e5a8afbe80	1760ad65-52a2-4f54-98cc-9c0df824384d	Platinum	500	booked	Pavan	2026-05-08 05:41:32.532201+00	Ravi	+919952209709	organizer	2	\N	sent	\N	2026-05-08 05:41:32.542+00	0	684	t	\N	\N	\N	\N
cb2cc645-5cd5-4fa2-a013-95d8320e4010	1760ad65-52a2-4f54-98cc-9c0df824384d	Platinum	500	booked	Arun Benjamin	2026-05-08 05:41:35.330451+00	Ravi	+919944019190	organizer	5	\N	sent	\N	2026-05-08 05:41:35.313+00	0	699	t	\N	\N	\N	\N
37c0c1d6-d1d6-4a93-a703-8245e9b236d1	1760ad65-52a2-4f54-98cc-9c0df824384d	Platinum	500	checked_in	Ashish	2026-05-08 05:41:32.922832+00	Ravi	+919910191624	organizer	1	\N	sent	\N	2026-05-08 05:41:32.943+00	1	686	t	\N	\N	\N	\N
a51641ae-6769-4dee-bcce-2b05fb5ee417	1760ad65-52a2-4f54-98cc-9c0df824384d	Platinum	500	booked	Vipin	2026-05-08 05:41:33.139379+00	Ravi	+919643775905	organizer	1	\N	sent	\N	2026-05-08 05:41:33.174+00	0	687	t	\N	\N	\N	\N
b7628fc3-4164-496a-b051-682edfa5c2be	1760ad65-52a2-4f54-98cc-9c0df824384d	Platinum	500	booked	Venkatesh	2026-05-08 05:41:33.47309+00	Ravi	+918015015404	organizer	1	\N	sent	\N	2026-05-08 05:41:33.541+00	0	689	t	\N	\N	\N	\N
8c7b0ad7-aae5-4c37-898e-10057e330911	1760ad65-52a2-4f54-98cc-9c0df824384d	Platinum	500	booked	Ramesh Bakka	2026-05-08 05:41:33.904214+00	Ravi	+918374708989	organizer	2	\N	sent	\N	2026-05-08 05:41:33.889+00	0	691	t	\N	\N	\N	\N
39ae7553-c6d5-4ee7-af26-1a44b32ae5fa	1760ad65-52a2-4f54-98cc-9c0df824384d	Platinum	500	booked	Dinesh	2026-05-08 05:41:34.600731+00	Ravi	+919841692789	organizer	2	\N	sent	\N	2026-05-08 05:41:34.556+00	0	695	t	\N	\N	\N	\N
0f707d13-5353-4010-886c-a7b41ed2d367	1760ad65-52a2-4f54-98cc-9c0df824384d	Platinum	500	checked_in	Mr. Palani	2026-05-08 05:41:35.694908+00	Ravi	+919500115409	organizer	3	\N	sent	\N	2026-05-08 05:41:40.681+00	3	701	t	\N	\N	\N	\N
58e41fac-f907-4e24-9a9c-6c6b0ac49df8	1760ad65-52a2-4f54-98cc-9c0df824384d	Platinum	500	checked_in	Jeniffer	2026-05-08 05:41:34.242474+00	Ravi	+919566229437	organizer	3	\N	sent	\N	2026-05-08 05:41:34.255+00	3	693	t	\N	\N	\N	\N
81658a38-8ae2-45b4-bb3a-09524f0f7854	1760ad65-52a2-4f54-98cc-9c0df824384d	Platinum	500	checked_in	Balasubramanian	2026-05-08 05:41:34.931511+00	Ravi	+919686601124	organizer	2	\N	sent	\N	2026-05-08 05:41:34.972+00	2	697	t	\N	\N	\N	\N
49527947-4fe6-40c1-8436-9ba65e3770a8	1760ad65-52a2-4f54-98cc-9c0df824384d	Platinum	500	checked_in	Manjeeth	2026-05-08 05:41:32.748891+00	Ravi	+919094125454	organizer	1	\N	sent	\N	2026-05-08 05:41:32.787+00	1	685	t	\N	\N	\N	\N
b8afdafa-846d-49b1-8465-898daf9c4d5a	1760ad65-52a2-4f54-98cc-9c0df824384d	Platinum	500	booked	Prithvi	2026-05-08 05:41:33.325449+00	Ravi	+919164237619	organizer	1	\N	sent	\N	2026-05-08 05:41:33.304+00	0	688	t	\N	\N	\N	\N
8e9d2107-760f-4ce7-b74f-14b8ec838941	1760ad65-52a2-4f54-98cc-9c0df824384d	Platinum	500	checked_in	Ramakrishnan	2026-05-08 05:41:35.14959+00	Ravi	+919677197979	organizer	3	\N	sent	\N	2026-05-08 05:41:35.133+00	3	698	t	\N	\N	\N	\N
a52f8842-01aa-406d-8b11-863655cf2df0	1760ad65-52a2-4f54-98cc-9c0df824384d	Platinum	500	checked_in	subash	2026-05-08 05:41:35.884461+00	Ravi	+918610479725	organizer	1	\N	sent	\N	2026-05-08 05:41:40.682+00	1	702	t	\N	\N	\N	\N
55031e30-9da6-481a-abc2-aea34e26ceec	1760ad65-52a2-4f54-98cc-9c0df824384d	Platinum	500	booked	Dinesh	2026-05-08 05:41:34.410219+00	Ravi	+919884777639	organizer	2	\N	sent	\N	2026-05-08 05:41:34.428+00	1	694	t	\N	\N	\N	\N
06922c2b-c72d-424d-b387-bd2f9fb07f13	1760ad65-52a2-4f54-98cc-9c0df824384d	Platinum	500	checked_in	Vignesh	2026-05-08 05:41:34.778071+00	Ravi	+919940010543	organizer	2	\N	sent	\N	2026-05-08 05:41:34.712+00	2	696	t	\N	\N	\N	\N
37f4087b-7f65-4381-bd7f-2ab4110dcff7	1760ad65-52a2-4f54-98cc-9c0df824384d	Platinum	500	booked	Rohith	2026-05-08 05:41:33.694041+00	Ravi	+917904434571	organizer	1	\N	sent	\N	2026-05-08 05:41:33.724+00	0	690	t	\N	\N	\N	\N
4138ab5f-cd25-472c-a232-860dc97633a8	1760ad65-52a2-4f54-98cc-9c0df824384d	Donor	1000	booked	Gayathiri Vijay	2026-05-08 13:15:17.393851+00	Christy	+919600132046	organizer	1	\N	sent	\N	2026-05-08 13:15:18.182+00	0	734	t	\N	\N	\N	\N
8770638d-a62e-41e0-a7b0-ac233b98b232	1760ad65-52a2-4f54-98cc-9c0df824384d	Platinum	500	booked	Suriya Selvam	2026-04-20 07:08:44.917378+00	Christy	+919092062827	organizer	2	\N	sent	\N	2026-04-20 07:08:46.846+00	0	3	t	\N	\N	\N	\N
427b0e73-d0f4-4580-bfa9-08723d877039	1760ad65-52a2-4f54-98cc-9c0df824384d	Platinum	500	checked_in	Sathya	2026-04-20 11:17:34.617663+00	Roshini	+919445765604	organizer	2	\N	sent	\N	2026-04-20 11:17:35.464+00	2	33	t	\N	\N	\N	\N
2f460511-6c41-40c0-bbbb-452c3ef1f98e	1760ad65-52a2-4f54-98cc-9c0df824384d	Donor	1000	booked	Sneha	2026-04-20 10:23:49.809258+00	Roshini	+918695676348	organizer	1	\N	sent	\N	2026-04-20 10:23:52.089+00	0	14	t	\N	\N	\N	\N
e6eed723-f2ee-4012-abfb-c45554dab49d	1760ad65-52a2-4f54-98cc-9c0df824384d	Platinum	500	booked	Madhi	2026-04-20 10:36:24.191373+00	Roshini	+919840935039	organizer	4	\N	sent	\N	2026-04-20 10:36:25.292+00	3	27	t	\N	\N	\N	\N
63d887c8-eb10-4a76-905a-c0e4b5d06cfe	1760ad65-52a2-4f54-98cc-9c0df824384d	VIP	0	booked	Sekar	2026-05-09 05:57:55.386039+00	Christy	+919380022773	organizer	3	\N	sent	\N	2026-05-09 05:57:56.868+00	0	768	t	\N	39	\N	\N
9eb3ac63-d934-4c40-9fe5-66c0bd4e132b	1760ad65-52a2-4f54-98cc-9c0df824384d	VIP	0	booked	Uravugal Trust	2026-05-09 06:00:00.477519+00	Christy	+918056205080	organizer	3	\N	sent	\N	2026-05-09 06:00:01.595+00	0	769	t	\N	40	\N	\N
f63f4f65-4153-4e35-b3bd-7f21d184588d	1760ad65-52a2-4f54-98cc-9c0df824384d	Donor	1000	booked	Saranya	2026-04-20 10:27:01.981095+00	Roshini	+919600198828	organizer	1	\N	sent	\N	2026-04-20 10:27:03.171+00	0	15	t	\N	\N	\N	\N
549b0247-19c3-458d-8371-ca07bee16f6e	1760ad65-52a2-4f54-98cc-9c0df824384d	Platinum	500	checked_in	Indhumathi	2026-04-20 07:42:45.204812+00	Jenny	+919940471787	organizer	2	\N	sent	\N	2026-04-20 07:42:45.707+00	2	7	t	\N	\N	\N	\N
1123dcc2-c6a7-41be-8113-2b797f05ef43	1760ad65-52a2-4f54-98cc-9c0df824384d	Platinum	500	checked_in	Somu	2026-04-20 06:12:16.729944+00	Jenny	+919790800780	organizer	1	\N	sent	\N	2026-04-20 06:12:17.239+00	1	2	t	\N	\N	\N	\N
fe829e62-7a1f-4f67-8ab0-0c6394b33099	1760ad65-52a2-4f54-98cc-9c0df824384d	Donor	1000	booked	Suriya Selvam	2026-04-20 07:09:28.884026+00	Christy	+919092062827	organizer	4	\N	sent	\N	2026-04-20 07:37:52.196+00	0	4	t	\N	\N	\N	\N
24945ff8-a60f-43b6-b8a3-70abd25cc3bd	1760ad65-52a2-4f54-98cc-9c0df824384d	Platinum	500	checked_in	Nadhiya U	2026-04-20 11:43:27.52427+00	Christy	+918144731395	organizer	3	\N	sent	\N	2026-04-20 11:43:29.295+00	3	35	t	\N	\N	\N	\N
72966909-3733-4c40-a9ae-63614d753892	1760ad65-52a2-4f54-98cc-9c0df824384d	Platinum	500	checked_in	Shyam 	2026-04-20 07:40:37.872938+00	Jenny	+919884192227	organizer	5	\N	sent	\N	2026-04-20 07:40:38.338+00	5	6	t	\N	\N	\N	\N
c478e924-c07d-410d-aecc-df6ceef8b673	1760ad65-52a2-4f54-98cc-9c0df824384d	Donor	1000	booked	Indhu	2026-04-20 07:43:14.604566+00	Jenny	+919940471787	organizer	4	\N	sent	\N	2026-04-20 07:43:15.132+00	0	8	t	\N	\N	\N	\N
2e16458d-2bb1-4dd9-8c41-4f6e321be769	1760ad65-52a2-4f54-98cc-9c0df824384d	Platinum	500	booked	Brindha	2026-04-20 08:16:43.380658+00	Jenny	+919940038110	organizer	1	\N	sent	\N	2026-04-20 08:16:44.788+00	0	9	t	\N	\N	\N	\N
5ab0554f-0df0-4cae-ba04-98a0ca149ccf	1760ad65-52a2-4f54-98cc-9c0df824384d	Platinum	500	booked	Sugapriya	2026-04-20 08:18:49.341462+00	Jenny	+919384184560	organizer	1	\N	sent	\N	2026-04-20 08:18:50.052+00	0	10	t	\N	\N	\N	\N
cac722c1-27e6-4f72-82e4-c449f6508d87	1760ad65-52a2-4f54-98cc-9c0df824384d	Donor	1000	booked	Swetha	2026-04-20 09:36:25.665846+00	Ramya	+917558025559	organizer	1	\N	sent	\N	2026-04-20 09:36:27.774+00	0	11	t	\N	\N	\N	\N
6a8e824c-5e24-4dba-af6b-021d46389229	1760ad65-52a2-4f54-98cc-9c0df824384d	Platinum	500	booked	Vishwa 	2026-04-20 09:40:22.728042+00	Ramya	+919894577978	organizer	4	\N	sent	\N	2026-04-20 09:40:24.306+00	0	12	t	\N	\N	\N	\N
37f2b962-f201-477d-8c8b-034bc4dcde65	1760ad65-52a2-4f54-98cc-9c0df824384d	Platinum	500	booked	Aarthy	2026-04-20 09:44:19.426496+00	Ramya	+919632835135	organizer	4	\N	sent	\N	2026-04-20 09:52:40.535+00	0	13	t	\N	\N	\N	\N
14dd3e03-9b21-45de-a25a-03da2a2166ab	1760ad65-52a2-4f54-98cc-9c0df824384d	Donor	1000	booked	Bala	2026-04-20 10:27:45.895713+00	Roshini	+919698227427	organizer	1	\N	sent	\N	2026-04-20 10:27:46.835+00	0	16	t	\N	\N	\N	\N
bb23a66f-6a24-42cd-8721-f0e3ee775b4c	1760ad65-52a2-4f54-98cc-9c0df824384d	Donor	1000	booked	Arun	2026-04-20 10:28:28.383495+00	Roshini	+919677205925	organizer	1	\N	sent	\N	2026-04-20 10:28:29.398+00	0	17	t	\N	\N	\N	\N
8f66607a-f662-4909-8d61-6866b65fed83	1760ad65-52a2-4f54-98cc-9c0df824384d	Donor	1000	booked	Chezhiyan	2026-04-20 10:28:59.722254+00	Roshini	+919944232429	organizer	2	\N	sent	\N	2026-04-20 10:29:00.938+00	0	18	t	\N	\N	\N	\N
d574c91d-3257-435d-8fba-385b1fffabb6	1760ad65-52a2-4f54-98cc-9c0df824384d	Donor	1000	booked	Richie	2026-04-20 10:29:37.221126+00	Roshini	+918281535193	organizer	1	\N	sent	\N	2026-04-20 10:29:38.369+00	0	19	t	\N	\N	\N	\N
c3b2b2c4-f5f9-4981-9816-7e256c11b49d	1760ad65-52a2-4f54-98cc-9c0df824384d	Donor	1000	booked	Roshini Fernando	2026-04-20 10:30:10.776024+00	Roshini	+919840112253	organizer	1	\N	sent	\N	2026-04-20 10:30:12.172+00	0	20	t	\N	\N	\N	\N
da2e5bed-633e-4f5b-969b-8503b8817466	1760ad65-52a2-4f54-98cc-9c0df824384d	Donor	1000	booked	Sandhiya	2026-04-20 10:31:42.885935+00	Roshini	+916383496545	organizer	1	\N	sent	\N	2026-04-20 10:31:45.439+00	0	21	t	\N	\N	\N	\N
c0d6e592-eb53-4d28-ad05-7803f28483d6	1760ad65-52a2-4f54-98cc-9c0df824384d	Donor	1000	booked	Anitha	2026-04-20 10:32:12.55657+00	Roshini	+919003274353	organizer	2	\N	sent	\N	2026-04-20 10:32:13.553+00	0	22	t	\N	\N	\N	\N
451e5729-39af-46fa-a3e0-a4582fa2f7b1	1760ad65-52a2-4f54-98cc-9c0df824384d	Donor	1000	booked	Bhagya	2026-04-20 10:32:54.055651+00	Roshini	+919840757095	organizer	1	\N	sent	\N	2026-04-20 10:32:54.898+00	0	23	t	\N	\N	\N	\N
6ef1cc90-0e69-4cbb-a54a-ab5961d65062	1760ad65-52a2-4f54-98cc-9c0df824384d	Donor	1000	booked	Chitra	2026-04-20 10:33:27.996732+00	Roshini	+911774262826	organizer	3	\N	sent	\N	2026-04-20 10:33:29.088+00	0	24	t	\N	\N	\N	\N
43a188ba-5919-4b58-946b-81e964c30b8e	1760ad65-52a2-4f54-98cc-9c0df824384d	Donor	1000	booked	Roshini	2026-04-20 10:34:58.275957+00	Roshini	+919840801328	organizer	1	\N	sent	\N	2026-04-20 10:34:59.488+00	0	25	t	\N	\N	\N	\N
ebd32a5b-5413-4d52-8340-a28f0b1e17c4	1760ad65-52a2-4f54-98cc-9c0df824384d	Donor	1000	booked	Rangesh	2026-04-20 10:35:13.736337+00	Roshini	+918754775825	organizer	1	\N	sent	\N	2026-04-20 10:35:14.686+00	0	26	t	\N	\N	\N	\N
b4b7ebe3-9a98-4e95-97e2-b26277e9766f	1760ad65-52a2-4f54-98cc-9c0df824384d	Donor	1000	booked	Priyanka	2026-04-20 10:59:31.940597+00	Christy	+919940041430	organizer	1	\N	sent	\N	2026-04-20 10:59:33.389+00	0	28	t	\N	\N	\N	\N
aa87d718-d186-40ef-b8ff-4336a597c08e	1760ad65-52a2-4f54-98cc-9c0df824384d	Donor	1000	booked	Delano	2026-04-20 11:00:47.343689+00	Christy	+919994834634	organizer	2	\N	sent	\N	2026-04-20 11:00:49.206+00	0	29	t	\N	\N	\N	\N
14db8302-cd56-4e5f-99d8-b9f226cfbda9	1760ad65-52a2-4f54-98cc-9c0df824384d	Donor	1000	booked	Senthil Palaniswamy 	2026-04-20 11:01:08.960035+00	Ramya	+919994178806	organizer	10	\N	sent	\N	2026-04-20 11:01:10.024+00	0	30	t	\N	\N	\N	\N
d1ad14d7-07f3-45d9-921e-2a9be50efe57	1760ad65-52a2-4f54-98cc-9c0df824384d	Donor	1000	booked	Satish	2026-04-20 11:10:01.229178+00	Roshini	+919445167321	organizer	1	\N	sent	\N	2026-04-20 11:10:03.083+00	0	31	t	\N	\N	\N	\N
df925f5c-ba04-4c3c-8e0d-987c46287bff	1760ad65-52a2-4f54-98cc-9c0df824384d	Donor	1000	booked	Sathya	2026-04-20 11:17:15.145872+00	Roshini	+919445765604	organizer	1	\N	sent	\N	2026-04-20 11:17:16.942+00	0	32	t	\N	\N	\N	\N
e92f1c45-b1cf-4a41-89fd-e4783d5d282c	1760ad65-52a2-4f54-98cc-9c0df824384d	Donor	1000	booked	Vaishnavi	2026-04-20 11:22:58.045653+00	Roshini	+918056250424	organizer	1	\N	sent	\N	2026-04-20 11:22:58.846+00	0	34	t	\N	\N	\N	\N
c8bb46a0-4f0a-48eb-af17-b3515acea7ae	1760ad65-52a2-4f54-98cc-9c0df824384d	Donor	1000	booked	Devi 	2026-04-20 11:45:42.931488+00	Christy	+919962500775	organizer	1	\N	sent	\N	2026-04-20 11:45:44.557+00	0	36	t	\N	\N	\N	\N
363ee1e9-c332-4ce5-b295-f07d1c7a8723	1760ad65-52a2-4f54-98cc-9c0df824384d	Platinum	500	booked	Joney	2026-04-20 11:57:38.796279+00	Christy	+919944879621	organizer	2	\N	sent	\N	2026-04-20 11:57:39.704+00	0	37	t	\N	\N	\N	\N
627de4f7-61f3-4c70-b91d-982dccbbda51	1760ad65-52a2-4f54-98cc-9c0df824384d	Donor	1000	booked	Elangovan	2026-04-20 14:15:51.330964+00	Roshini	+919443905510	organizer	5	\N	sent	\N	2026-04-20 14:15:53.272+00	0	47	t	\N	\N	\N	\N
fcbfb5db-5156-4ee6-baee-177baa758f73	1760ad65-52a2-4f54-98cc-9c0df824384d	Donor	1000	booked	Dhivya	2026-04-20 12:29:41.854047+00	Roshini	+919597182374	organizer	1	\N	sent	\N	2026-04-20 12:29:43.534+00	0	39	t	\N	\N	\N	\N
92f4f20b-c963-4d22-990a-6d128674ba81	1760ad65-52a2-4f54-98cc-9c0df824384d	Donor	1000	booked	Priyadharshini	2026-04-20 14:32:48.909413+00	Roshini	+917395971053	organizer	1	\N	sent	\N	2026-04-20 14:32:49.778+00	0	49	t	\N	\N	\N	\N
031fbcc5-4544-455e-8c91-ab8f18e475b2	1760ad65-52a2-4f54-98cc-9c0df824384d	Donor	1000	booked	Shamini	2026-04-20 13:05:56.510615+00	Roshini	+919195387284	organizer	1	\N	sent	\N	2026-04-20 13:05:58.31+00	0	41	t	\N	\N	\N	\N
def950a9-2e3e-45e7-a4b3-5253cfb0dd43	1760ad65-52a2-4f54-98cc-9c0df824384d	Platinum	500	booked	Mahalakshmi 	2026-04-20 16:00:38.29621+00	Ramya	+919840140050	organizer	2	\N	sent	\N	2026-04-20 16:00:40.547+00	0	50	t	\N	\N	\N	\N
33fbd4de-6baf-4e85-baf6-174cb36f8dda	1760ad65-52a2-4f54-98cc-9c0df824384d	Donor	1000	booked	Santanu	2026-04-20 16:02:59.330025+00	Roshini	+917980034154	organizer	1	\N	sent	\N	2026-04-20 16:03:00.135+00	0	51	t	\N	\N	\N	\N
a767d95b-076f-4bed-80cc-cc7ff7105492	1760ad65-52a2-4f54-98cc-9c0df824384d	Donor	1000	booked	Jayashree	2026-04-21 01:36:17.144725+00	Ramya	+919600145956	organizer	2	\N	sent	\N	2026-04-21 01:36:19.275+00	0	52	t	\N	\N	\N	\N
c62e7288-de30-4612-b5c6-efce0990cd7c	1760ad65-52a2-4f54-98cc-9c0df824384d	Donor	1000	booked	Preetha	2026-04-21 10:20:48.604025+00	Preetha	+916369039115	organizer	1	\N	sent	\N	2026-05-07 21:56:04.684+00	0	74	t	\N	\N	\N	\N
c5bc23c2-46ae-473d-babb-b075cc8a2d90	1760ad65-52a2-4f54-98cc-9c0df824384d	Donor	1000	booked	Ramya 	2026-04-20 13:48:08.66404+00	Ramya	+919566184018	organizer	1	\N	sent	\N	2026-04-20 13:48:10.443+00	0	44	t	\N	\N	\N	\N
4379fa99-5279-4e71-bdba-8603446a208d	1760ad65-52a2-4f54-98cc-9c0df824384d	Platinum	500	booked	Ramya	2026-04-20 13:48:39.572253+00	Ramya	+919566184018	organizer	4	\N	sent	\N	2026-04-20 13:48:40.45+00	0	45	t	\N	\N	\N	\N
7e632caf-ad0e-4af0-a725-42f93cf5443d	1760ad65-52a2-4f54-98cc-9c0df824384d	Donor	1000	booked	Sudhakar	2026-04-21 01:55:49.925466+00	Jenny	+919884057207	organizer	1	\N	sent	\N	2026-04-21 01:55:50.617+00	0	54	t	\N	\N	\N	\N
9ef41b37-a310-4987-b572-e2cf7f62a04b	1760ad65-52a2-4f54-98cc-9c0df824384d	Donor	1000	booked	Ramya	2026-04-20 13:49:06.745792+00	Ramya	+919566184018	organizer	2	\N	sent	\N	2026-04-20 13:49:07.68+00	0	46	t	\N	\N	\N	\N
971cccc8-267b-4745-abe3-b0be457e13fe	1760ad65-52a2-4f54-98cc-9c0df824384d	Donor	1000	booked	Nithu	2026-04-20 12:58:11.53672+00	Jenny	+919176017710	organizer	2	\N	sent	\N	2026-04-20 13:57:48.962+00	0	40	t	\N	\N	\N	\N
7b84460c-1921-4e96-8289-743c96a9d8f5	1760ad65-52a2-4f54-98cc-9c0df824384d	Donor	1000	booked	Archu US	2026-04-20 13:08:54.537605+00	Jenny	+13123991064	organizer	2	\N	sent	\N	2026-04-20 14:01:48.892+00	0	42	t	\N	\N	\N	\N
5a72c9b5-949c-45fc-8738-f33787c268ee	1760ad65-52a2-4f54-98cc-9c0df824384d	Platinum	500	booked	Malathy	2026-04-20 14:27:37.095455+00	Ramya	+919965055165	organizer	4	\N	sent	\N	2026-04-20 14:27:39.109+00	2	48	t	\N	\N	\N	\N
23755fd5-7659-4193-9a30-fd4c55d4da6b	1760ad65-52a2-4f54-98cc-9c0df824384d	Platinum	500	checked_in	Freddy	2026-04-21 02:25:52.061093+00	Arun	+918050420420	organizer	3	\N	sent	\N	2026-04-21 02:25:53.655+00	3	55	t	\N	\N	\N	\N
ba4f271c-e40f-4677-a4d5-d27e45e882de	1760ad65-52a2-4f54-98cc-9c0df824384d	Platinum	500	checked_in	Ramakrishnan	2026-04-21 02:57:29.549667+00	Christy	+919944384883	organizer	1	\N	sent	\N	2026-04-21 02:57:31.316+00	1	57	t	\N	\N	\N	\N
bc114168-fe9a-44ab-9735-2bafb258e88d	1760ad65-52a2-4f54-98cc-9c0df824384d	Donor	1000	booked	Ajaay	2026-04-21 02:42:57.233113+00	Ramya	+61 452 602 607	organizer	3	\N	sent	\N	2026-04-21 02:43:40.037+00	0	56	t	\N	\N	\N	\N
e2d439e9-47ae-4872-b42f-74914386d0ac	1760ad65-52a2-4f54-98cc-9c0df824384d	Platinum	500	checked_in	John	2026-04-21 08:13:12.126053+00	Jenny	+919952958132	organizer	2	\N	sent	\N	2026-04-21 08:13:13.554+00	2	69	t	\N	\N	\N	\N
5d581a00-c738-46bd-984c-323f332751ce	1760ad65-52a2-4f54-98cc-9c0df824384d	Platinum	500	checked_in	Avinash G	2026-04-21 07:19:14.989277+00	Preetha	+919500100412	organizer	3	\N	sent	\N	2026-04-21 07:19:16.431+00	3	65	t	\N	\N	\N	\N
2998c1df-99bb-4e1e-be95-2deae2dcb5e0	1760ad65-52a2-4f54-98cc-9c0df824384d	Donor	1000	booked	Thiyagu	2026-04-21 03:02:21.316447+00	Christy	+919095448248	organizer	1	\N	sent	\N	2026-04-21 03:02:22.216+00	0	58	t	\N	\N	\N	\N
ef8e7aca-8f8e-485f-bfc4-573eafbeecca	1760ad65-52a2-4f54-98cc-9c0df824384d	Platinum	500	checked_in	Ramesh	2026-04-21 08:13:52.123008+00	Jenny	+917530040999	organizer	2	\N	sent	\N	2026-04-21 08:13:53.554+00	2	70	t	\N	\N	\N	\N
268f502a-38e0-4872-8735-784678e709f9	1760ad65-52a2-4f54-98cc-9c0df824384d	Platinum	500	booked	Andal	2026-04-21 03:28:30.961781+00	Ramya	+918825696283	organizer	2	\N	sent	\N	2026-04-21 03:28:33.158+00	0	59	t	\N	\N	\N	\N
e48ef296-bfca-4bea-bbe6-94026573e237	1760ad65-52a2-4f54-98cc-9c0df824384d	Donor	1000	booked	Vinuthana	2026-04-21 04:00:03.910769+00	Ramya	+919701583282	organizer	1	\N	sent	\N	2026-04-21 04:00:05.562+00	0	60	t	\N	\N	\N	\N
62d7ba4e-9439-47df-885c-f83aa720c699	1760ad65-52a2-4f54-98cc-9c0df824384d	Donor	1000	booked	Aakash	2026-04-21 04:55:46.353048+00	Roshini	+918668013341	organizer	1	\N	sent	\N	2026-04-21 04:55:48.329+00	0	61	t	\N	\N	\N	\N
75555bfe-84be-4d5a-9e4f-d32f697f7fc0	1760ad65-52a2-4f54-98cc-9c0df824384d	Donor	1000	booked	Jeganathan	2026-04-21 05:10:34.719385+00	Christy	+919244422717	organizer	1	\N	sent	\N	2026-04-21 05:10:36.469+00	0	62	t	\N	\N	\N	\N
ac3b341d-daa9-4837-a506-f7f329a386d7	1760ad65-52a2-4f54-98cc-9c0df824384d	Platinum	500	booked	Nithya	2026-04-21 05:53:32.649679+00	Ramya	+919952652170	organizer	4	\N	sent	\N	2026-04-21 05:53:34.746+00	0	63	t	\N	\N	\N	\N
b4134d91-3cce-4251-bee5-7f6a81997aa5	1760ad65-52a2-4f54-98cc-9c0df824384d	Donor	1000	booked	Rozeena	2026-04-21 06:49:55.680249+00	Preetha	+919840518803	organizer	1	\N	sent	\N	2026-04-21 06:49:56.874+00	0	64	t	\N	\N	\N	\N
80d074a9-cfa8-4580-89a2-558b3ca3c4eb	1760ad65-52a2-4f54-98cc-9c0df824384d	Platinum	500	booked	Preethy	2026-04-21 07:24:34.755773+00	Ramya	+918754441050	organizer	3	\N	sent	\N	2026-04-21 07:24:35.793+00	0	66	t	\N	\N	\N	\N
c94edda3-a06d-4041-b2af-d26c1f0248be	1760ad65-52a2-4f54-98cc-9c0df824384d	Donor	1000	booked	Gobi	2026-04-21 08:08:29.928456+00	Jenny	+14793260755	organizer	2	\N	sent	\N	2026-04-21 08:08:32.211+00	0	67	t	\N	\N	\N	\N
8943e86c-c8b2-4609-9a62-a6b6e6dcd829	1760ad65-52a2-4f54-98cc-9c0df824384d	Donor	1000	booked	Arthi	2026-04-21 08:11:00.335333+00	Jenny	+16474099293	organizer	2	\N	sent	\N	2026-04-21 08:11:01.627+00	0	68	t	\N	\N	\N	\N
104c695e-43b7-4b34-86fb-0af997888e8d	1760ad65-52a2-4f54-98cc-9c0df824384d	Donor	1000	booked	Ramesh	2026-04-21 08:14:17.405722+00	Jenny	+917530040999	organizer	4	\N	sent	\N	2026-04-21 08:14:18.734+00	0	71	t	\N	\N	\N	\N
3eae2795-f34f-4e6a-95e5-67075842b1e8	1760ad65-52a2-4f54-98cc-9c0df824384d	Platinum	500	booked	Siva sankari S	2026-04-21 08:34:32.666906+00	Jenny	+919345309212	organizer	2	\N	sent	\N	2026-04-21 08:34:34.951+00	0	72	t	\N	\N	\N	\N
8d1440a0-8a19-42f5-a1e0-7edc0ebc7187	1760ad65-52a2-4f54-98cc-9c0df824384d	Donor	1000	booked	SivaSankari	2026-04-21 08:40:23.893784+00	Jenny	+919940744318	organizer	1	\N	sent	\N	2026-04-21 08:40:25.856+00	0	73	t	\N	\N	\N	\N
6eecf64c-44fe-48e0-b805-a1a96d6f7166	1760ad65-52a2-4f54-98cc-9c0df824384d	Donor	1000	booked	Adithya	2026-04-20 13:34:20.007814+00	Jenny	+917349246586	organizer	3	\N	sent	\N	2026-04-21 08:47:47.569+00	0	43	t	\N	\N	\N	\N
2dfd42a2-1e8d-4579-b2fa-18bd75426596	1760ad65-52a2-4f54-98cc-9c0df824384d	Platinum	500	booked	Santhoshkumar	2026-04-22 07:10:12.452507+00	Tanu	+919952523390	organizer	1	\N	sent	\N	2026-04-22 07:10:14.587+00	0	111	t	\N	\N	\N	\N
219e1edc-9a00-407d-9633-1048954552f2	1760ad65-52a2-4f54-98cc-9c0df824384d	Donor	1000	booked	Santhosh	2026-04-21 10:32:59.296997+00	Christy	+919442581114	organizer	1	\N	sent	\N	2026-04-21 10:33:01.188+00	0	76	t	\N	\N	\N	\N
4197acb0-3df7-4b3a-b804-ccd40a908aa6	1760ad65-52a2-4f54-98cc-9c0df824384d	Donor	1000	booked	Lalith Kumar M	2026-04-22 07:54:28.51941+00	Tanu	+919840959479	organizer	1	\N	sent	\N	2026-04-22 07:54:30.179+00	0	112	t	\N	\N	\N	\N
36471099-e9aa-4726-b22c-7da69d81d91f	1760ad65-52a2-4f54-98cc-9c0df824384d	Platinum	500	checked_in	Umesh	2026-04-21 18:13:45.597174+00	Christy	+919594509298	organizer	1	\N	sent	\N	2026-04-21 18:13:47.047+00	1	101	t	\N	\N	\N	\N
e90e98f7-0964-45e3-b052-59dd81f4df7b	1760ad65-52a2-4f54-98cc-9c0df824384d	Platinum	500	checked_in	Rani	2026-04-21 10:36:24.199849+00	Christy	+919443399044	organizer	2	\N	sent	\N	2026-04-21 10:36:25.1+00	2	78	t	\N	\N	\N	\N
8bbde5dd-e0ee-42f4-bd1f-35cb167600c2	1760ad65-52a2-4f54-98cc-9c0df824384d	Platinum	500	booked	John	2026-04-21 13:52:08.715561+00	Christy	+919894540874	organizer	3	\N	sent	\N	2026-04-21 13:52:09.773+00	2	84	t	\N	\N	\N	\N
81fcafc9-ebe4-4608-8a74-d9d0803513cd	1760ad65-52a2-4f54-98cc-9c0df824384d	Platinum	500	checked_in	Jagadesan P	2026-04-22 06:38:42.219989+00	Tanu	+919840760761	organizer	4	\N	sent	\N	2026-04-22 06:38:44.655+00	4	107	t	\N	\N	\N	\N
6650cdd7-8699-477e-9736-c1788b7f6c3b	1760ad65-52a2-4f54-98cc-9c0df824384d	Platinum	500	booked	Divya	2026-04-21 12:16:15.930129+00	Jenny	+919176888760	organizer	2	\N	sent	\N	2026-04-21 12:16:18.206+00	1	80	t	\N	\N	\N	\N
6a31bc36-a7fb-44c6-bc51-14c53778e116	1760ad65-52a2-4f54-98cc-9c0df824384d	Platinum	500	checked_in	Sanjay	2026-04-22 05:53:58.230123+00	Someesh	+916383580944	organizer	1	\N	sent	\N	2026-04-22 05:53:59.944+00	1	105	t	\N	\N	\N	\N
52b9a8e3-6e7a-45d5-97b4-da3a3af171f3	1760ad65-52a2-4f54-98cc-9c0df824384d	Donor	1000	booked	Bama	2026-04-21 13:29:34.038009+00	Arun	+919441334320	organizer	1	\N	sent	\N	2026-04-21 14:49:51.871+00	0	81	t	\N	\N	\N	\N
2bd203f1-11ce-4608-8830-7e2c948b3e90	1760ad65-52a2-4f54-98cc-9c0df824384d	Platinum	500	checked_in	Prabhu	2026-04-22 06:25:45.112125+00	Christy	+919962522828	organizer	1	\N	sent	\N	2026-04-22 06:25:47.314+00	1	106	t	\N	\N	\N	\N
020382a3-ce8f-4b1c-832b-08580c07335a	1760ad65-52a2-4f54-98cc-9c0df824384d	Donor	1000	booked	Prasad	2026-04-21 13:51:11.060063+00	Christy	+919845150389	organizer	1	\N	sent	\N	2026-04-21 14:52:35.563+00	0	83	t	\N	\N	\N	\N
2f3d4fa4-849a-4867-bef6-95fbf24a64d7	1760ad65-52a2-4f54-98cc-9c0df824384d	Donor	1000	booked	Sameedha	2026-04-21 14:53:21.419189+00	Jeba	+919444030550	organizer	5	\N	sent	\N	2026-04-21 14:53:22.082+00	0	90	t	\N	\N	\N	\N
45995c2e-fdf0-443d-a80d-f8b1882873a1	1760ad65-52a2-4f54-98cc-9c0df824384d	Donor	1000	booked	Arafath	2026-04-21 14:39:29.458669+00	Jeba	+919995332221	organizer	3	\N	sent	\N	2026-04-21 14:39:31.393+00	0	86	t	\N	\N	\N	\N
96801865-eabc-4958-99ee-555fd7f5dcb4	1760ad65-52a2-4f54-98cc-9c0df824384d	Donor	1000	booked	Adi	2026-04-21 14:43:16.40455+00	Jeba	+919884530110	organizer	4	\N	sent	\N	2026-04-21 14:43:17.592+00	0	87	t	\N	\N	\N	\N
9fa373db-9780-4148-89e6-1fe4041bfc71	1760ad65-52a2-4f54-98cc-9c0df824384d	Donor	1000	booked	Henna	2026-04-21 14:45:36.873575+00	Jeba	+919995302623	organizer	1	\N	sent	\N	2026-04-21 14:45:37.757+00	0	88	t	\N	\N	\N	\N
8cd9eb4e-da79-48ba-b1e3-3bac968c13e6	1760ad65-52a2-4f54-98cc-9c0df824384d	Donor	1000	booked	Sathish 	2026-04-21 13:47:04.554846+00	Arun	+919566630015	trust	5	611119839143	sent	\N	2026-04-21 14:45:50.931+00	0	82	t	\N	\N	\N	\N
ac5b4801-aedc-4ed1-b2a9-1cbda9b5a9be	1760ad65-52a2-4f54-98cc-9c0df824384d	Donor	1000	booked	Mehsoob	2026-04-21 14:48:17.497451+00	Jeba	+919746344351	organizer	1	\N	sent	\N	2026-04-21 14:48:18.942+00	0	89	t	\N	\N	\N	\N
2e88c965-53dc-4a7a-88f1-9ab9c301489d	1760ad65-52a2-4f54-98cc-9c0df824384d	Donor	1000	booked	Duah Idris	2026-04-21 14:56:15.13313+00	Jeba	+919633932830	organizer	1	\N	sent	\N	2026-04-21 14:56:15.941+00	0	91	t	\N	\N	\N	\N
412c8e5b-47c7-4f36-a28e-cacb3c3bfa68	1760ad65-52a2-4f54-98cc-9c0df824384d	Donor	1000	booked	Sathish	2026-04-21 14:58:58.292175+00	Ramya	+919566630015	trust	5	611119839143	sent	\N	2026-04-21 14:58:59.162+00	0	92	t	\N	\N	\N	\N
365a8914-60ad-4534-a866-45452cce0f8c	1760ad65-52a2-4f54-98cc-9c0df824384d	Platinum	500	booked	Sandra 	2026-04-21 14:59:27.512286+00	Jessita	+918925636910	organizer	2	\N	sent	\N	2026-04-21 14:59:28.115+00	0	93	t	\N	\N	\N	\N
0788b9a8-0f1f-4058-918d-8bdb47866fec	1760ad65-52a2-4f54-98cc-9c0df824384d	Platinum	500	booked	Vicky	2026-04-21 15:03:19.432341+00	Ramya	+919940477578	organizer	4	\N	sent	\N	2026-04-21 15:03:20.566+00	0	94	t	\N	\N	\N	\N
cbf4e97c-66ad-428e-993a-77dc3d5798fc	1760ad65-52a2-4f54-98cc-9c0df824384d	Donor	1000	booked	Shanthi	2026-04-21 15:04:18.682764+00	Ramya	+917540006602	organizer	5	\N	sent	\N	2026-04-21 15:04:19.727+00	0	95	t	\N	\N	\N	\N
c2e123c0-9da2-45c8-9e94-6da1d079856b	1760ad65-52a2-4f54-98cc-9c0df824384d	Platinum	500	booked	Vidhya	2026-04-21 15:05:35.144653+00	Christy	+919176645570	organizer	1	\N	sent	\N	2026-04-21 15:05:36.02+00	0	96	t	\N	\N	\N	\N
7b2a9e85-a13c-4acf-821c-472b53cbc5f7	1760ad65-52a2-4f54-98cc-9c0df824384d	Platinum	500	booked	Geetha	2026-04-21 16:32:15.003254+00	Ramya	+919486972023	organizer	2	\N	sent	\N	2026-04-21 16:32:17.452+00	0	97	t	\N	\N	\N	\N
6994935e-b76c-409f-b4d3-2aca7921004e	1760ad65-52a2-4f54-98cc-9c0df824384d	Donor	1000	booked	Vinothini	2026-04-21 17:45:07.094371+00	Someesh	+918754113141	organizer	1	\N	sent	\N	2026-04-21 17:45:09.087+00	0	98	t	\N	\N	\N	\N
bbbba0f4-f201-4115-be34-e6ae696fa2a8	1760ad65-52a2-4f54-98cc-9c0df824384d	Donor	1000	booked	Thirupathi	2026-04-21 18:12:08.528498+00	Christy	+919962378333	organizer	1	\N	sent	\N	2026-04-21 18:12:14.301+00	0	99	t	\N	\N	\N	\N
b5d3facb-e78f-4508-9ed9-f5e8777d9ab2	1760ad65-52a2-4f54-98cc-9c0df824384d	Donor	1000	booked	Manoj	2026-04-21 18:12:41.380071+00	Christy	+918511004023	organizer	1	\N	sent	\N	2026-04-21 18:12:42.32+00	0	100	t	\N	\N	\N	\N
f10eba89-0db2-4f65-9fb8-3e9c5b4741b5	1760ad65-52a2-4f54-98cc-9c0df824384d	Donor	1000	booked	Srilekha	2026-04-21 19:01:57.049719+00	Roshini	+918763697597	organizer	1	\N	sent	\N	2026-04-21 19:01:58.776+00	0	102	t	\N	\N	\N	\N
faad7844-5dad-4235-aad2-fad382997c7c	1760ad65-52a2-4f54-98cc-9c0df824384d	Donor	1000	booked	Karthick L	2026-04-21 22:10:49.100188+00	Arun	+919840263300	organizer	4	\N	sent	\N	2026-04-21 22:10:50.785+00	0	103	t	\N	\N	\N	\N
c29ad084-427e-4337-96b6-2d2e62325f04	1760ad65-52a2-4f54-98cc-9c0df824384d	Platinum	500	booked	Shanthi 	2026-04-22 03:57:47.091008+00	Ramya	+919841775125	organizer	1	\N	sent	\N	2026-04-22 03:57:49.338+00	0	104	t	\N	\N	\N	\N
7def6950-b0a3-4067-a003-efcf6c1ea0af	1760ad65-52a2-4f54-98cc-9c0df824384d	Donor	1000	booked	Jagadesan P	2026-04-22 06:40:40.10247+00	Tanu	+919840760761	organizer	1	\N	sent	\N	2026-04-22 06:40:40.691+00	0	108	t	\N	\N	\N	\N
4a91a6ea-fa7b-4879-918e-3ae2a28bb81d	1760ad65-52a2-4f54-98cc-9c0df824384d	Donor	1000	booked	Tapas Dey	2026-04-22 07:00:14.304534+00	Tanu	+917978783800	organizer	1	\N	sent	\N	2026-04-22 07:00:16.258+00	0	109	t	\N	\N	\N	\N
4963fdab-30b0-4717-9f74-d707a8a5de81	1760ad65-52a2-4f54-98cc-9c0df824384d	Platinum	500	booked	Muralidharan S	2026-04-22 07:04:50.823884+00	Tanu	+919944057057	organizer	1	\N	sent	\N	2026-04-22 07:04:52.362+00	0	110	t	\N	\N	\N	\N
fb2b0d24-f429-4577-9891-ccfc973239db	1760ad65-52a2-4f54-98cc-9c0df824384d	Donor	1000	booked	Aravindan	2026-04-27 06:09:56.768835+00	Ravi	+919043016587	organizer	1	\N	sent	\N	2026-04-27 06:09:56.172+00	0	197	t	\N	\N	\N	\N
50aab2c0-522a-46e6-8972-2d3efa664aeb	1760ad65-52a2-4f54-98cc-9c0df824384d	Platinum	500	checked_in	Sivakumar Prabhakaran	2026-04-24 04:43:36.405179+00	Arun	+919840220161	trust	4	648047885242	sent	\N	2026-04-24 04:43:37.498+00	4	144	t	\N	\N	\N	\N
4868258c-166c-4371-99a4-2551d939612d	1760ad65-52a2-4f54-98cc-9c0df824384d	Donor	1000	booked	Uthayakumar 	2026-04-22 09:01:14.048314+00	Tanu	+919710199101	organizer	1	\N	sent	\N	2026-04-22 09:01:15.928+00	0	115	t	\N	\N	\N	\N
54b975af-5bd8-46df-a945-cdb1c1940f71	1760ad65-52a2-4f54-98cc-9c0df824384d	Platinum	500	checked_in	Balaji	2026-04-24 04:37:30.57431+00	Arun	+917010630086	trust	2	898038115153	sent	\N	2026-04-24 04:37:32.247+00	2	142	t	\N	\N	\N	\N
29ee1747-87f8-4929-ba34-1acea36e9e2c	1760ad65-52a2-4f54-98cc-9c0df824384d	Platinum	500	checked_in	Manikandan S	2026-04-22 08:57:44.321487+00	Tanu	+917358408611	organizer	3	\N	sent	\N	2026-04-22 08:57:46.054+00	3	114	t	\N	\N	\N	\N
9b22fcb9-ff6b-4e88-b33f-826f43dde2c4	1760ad65-52a2-4f54-98cc-9c0df824384d	Platinum	500	checked_in	Anu	2026-04-22 11:03:13.730057+00	Roshini	+919941357365	organizer	3	\N	sent	\N	2026-04-22 11:03:15.327+00	3	121	t	\N	\N	\N	\N
8b26bd8f-088e-494a-807c-8a392e9d90a3	1760ad65-52a2-4f54-98cc-9c0df824384d	Donor	1000	booked	Sivakumar	2026-04-22 10:16:04.778686+00	Ramya	+919884381430	organizer	1	\N	sent	\N	2026-04-22 10:16:06.676+00	0	118	t	\N	\N	\N	\N
d43d184c-5f54-439c-ab68-f79d3003614d	1760ad65-52a2-4f54-98cc-9c0df824384d	Platinum	500	checked_in	Cupo 	2026-04-22 09:25:20.793921+00	Someesh	+917024829556	organizer	1	\N	sent	\N	2026-04-22 09:25:22.073+00	1	116	t	\N	\N	\N	\N
9d4b3e8e-3832-4677-9dd6-07eb0a3fd510	1760ad65-52a2-4f54-98cc-9c0df824384d	Platinum	500	checked_in	Gladwin	2026-04-22 13:41:06.545272+00	Ramya	+919940581118	organizer	2	\N	sent	\N	2026-04-22 13:41:08.442+00	2	125	t	\N	\N	\N	\N
430f8757-9be8-4e93-985e-d6fb26e5b254	1760ad65-52a2-4f54-98cc-9c0df824384d	Donor	1000	booked	Kavyaa 	2026-04-22 10:25:16.141085+00	Preetha	+916369039115	organizer	1	\N	sent	\N	2026-04-22 10:25:16.845+00	0	120	t	\N	\N	\N	\N
35be7b76-11a9-43bb-b36f-3d99229f9e8b	1760ad65-52a2-4f54-98cc-9c0df824384d	Platinum	500	checked_in	Aravindan babu b s	2026-04-22 08:24:59.572361+00	Preetha	+919597925260	organizer	2	\N	sent	\N	2026-04-22 08:25:00.856+00	2	113	t	\N	\N	\N	\N
5cf63faa-676d-4e6f-bb8f-bccb28437272	1760ad65-52a2-4f54-98cc-9c0df824384d	Donor	1000	booked	Shyam	2026-04-22 11:07:53.367603+00	Someesh	+918098515171	organizer	1	\N	sent	\N	2026-04-22 11:07:53.908+00	0	122	t	\N	\N	\N	\N
dda942a1-a60a-484b-a44f-42bbbaa4bbda	1760ad65-52a2-4f54-98cc-9c0df824384d	Student	200	checked_in	Aravindhan b s	2026-04-22 10:16:40.761089+00	Preetha	+919597925260	organizer	1	\N	sent	\N	2026-04-22 10:16:41.477+00	1	119	t	\N	\N	\N	\N
48f81941-9f1a-4bdf-b137-1cc71644e656	1760ad65-52a2-4f54-98cc-9c0df824384d	Donor	1000	booked	Somesh	2026-04-22 11:48:49.115418+00	Someesh	+918939017332	organizer	1	\N	sent	\N	2026-04-22 11:48:50.7+00	0	123	t	\N	\N	\N	\N
61d3d60c-0eb4-41d5-85d0-a3624d3d1980	1760ad65-52a2-4f54-98cc-9c0df824384d	Platinum	500	checked_in	Aravindan babu b s	2026-04-22 10:16:04.006946+00	Preetha	+919597925260	organizer	1	\N	sent	\N	2026-04-22 10:16:05.96+00	1	117	t	\N	\N	\N	\N
2621bccc-1e1f-4c1e-bffd-c32071169bb5	1760ad65-52a2-4f54-98cc-9c0df824384d	Platinum	500	booked	Suhail	2026-04-22 13:23:41.408071+00	Jeba	+918547494295	organizer	1	\N	sent	\N	2026-04-22 13:23:43.264+00	0	124	t	\N	\N	\N	\N
0cbc8dc6-fe55-428e-9bbd-4279b0ac4af5	1760ad65-52a2-4f54-98cc-9c0df824384d	Student	200	checked_in	Raj Shiva	2026-04-23 10:47:15.397573+00	Vishwa	+918680001776	organizer	1	\N	sent	\N	2026-04-23 10:47:16.31+00	1	138	t	\N	\N	\N	\N
a84eca5b-feab-4d4e-a049-9e68c2d47d9f	1760ad65-52a2-4f54-98cc-9c0df824384d	Platinum	500	booked	Arunkumar	2026-04-22 14:27:20.160988+00	Ramya	+919943311894	organizer	1	\N	sent	\N	2026-04-22 14:27:22.347+00	0	126	t	\N	\N	\N	\N
98ba1556-de76-4782-a5b9-0940007dd1db	1760ad65-52a2-4f54-98cc-9c0df824384d	Donor	1000	booked	Arunkumar	2026-04-22 14:28:10.634245+00	Ramya	+919943311894	organizer	1	\N	sent	\N	2026-04-22 14:28:12.108+00	0	127	t	\N	\N	\N	\N
a3e773bf-1a0a-4603-a178-a72294a09666	1760ad65-52a2-4f54-98cc-9c0df824384d	Donor	1000	booked	Ramlarthick	2026-04-22 17:31:18.021846+00	Ramya	+917200333773	organizer	1	\N	sent	\N	2026-04-22 17:31:19.877+00	0	128	t	\N	\N	\N	\N
3d87644a-9dad-437d-8f2e-c3aad2f2a2b1	1760ad65-52a2-4f54-98cc-9c0df824384d	Donor	1000	booked	Subhin	2026-04-22 17:37:34.472739+00	Jeba	+918943177004	organizer	1	\N	sent	\N	2026-04-22 17:37:36.444+00	0	129	t	\N	\N	\N	\N
b479bbee-32f1-4761-bdc2-334863e8f3b2	1760ad65-52a2-4f54-98cc-9c0df824384d	Platinum	500	booked	Uma Ramesh	2026-04-23 02:05:06.96445+00	Arun	+919444687400	trust	1	121978579830	sent	\N	2026-04-23 02:05:08.821+00	0	130	t	\N	\N	\N	\N
91f8924b-6154-4717-9123-d7dc8fff7d33	1760ad65-52a2-4f54-98cc-9c0df824384d	Donor	1000	booked	Anand Babu 	2026-04-23 02:08:55.880411+00	Arun	+918138915265	organizer	1	\N	sent	\N	2026-04-23 02:08:56.837+00	0	131	t	\N	\N	\N	\N
4a987e5e-df6d-4b3a-b787-3cffc76deea5	1760ad65-52a2-4f54-98cc-9c0df824384d	Donor	1000	booked	Sujith Kumar 	2026-04-23 02:29:14.824633+00	Arun	+919940351236	organizer	4	\N	sent	\N	2026-04-23 02:29:16.422+00	0	132	t	\N	\N	\N	\N
fe4e2377-bd88-4909-9fcc-637e41537c75	1760ad65-52a2-4f54-98cc-9c0df824384d	Platinum	500	booked	Rajesh Kumar	2026-04-23 07:35:30.742065+00	Arun	+919789098608	organizer	5	\N	sent	\N	2026-04-23 07:35:31.57+00	0	134	t	\N	\N	\N	\N
326af7b5-85fd-4488-ba71-799e2fbe17f1	1760ad65-52a2-4f54-98cc-9c0df824384d	Donor	1000	booked	Anjana	2026-04-23 07:36:15.050235+00	Ramya	+44 7778 770784	organizer	10	\N	sent	\N	2026-04-23 07:36:52.355+00	0	135	t	\N	\N	\N	\N
1377625b-3307-4e68-a8b5-8a9d7227c4ab	1760ad65-52a2-4f54-98cc-9c0df824384d	Platinum	500	booked	Terry Bevan 	2026-04-23 07:34:59.12812+00	Arun	+918300140011	organizer	5	\N	sent	\N	2026-04-23 07:53:47.881+00	0	133	t	\N	\N	\N	\N
c9831124-3eb2-42f2-b611-34f66aa82b9f	1760ad65-52a2-4f54-98cc-9c0df824384d	Platinum	500	booked	Saravanan 	2026-04-23 08:37:20.150101+00	Ramya	+919843759247	organizer	6	\N	sent	\N	2026-04-23 08:37:22.229+00	0	137	t	\N	\N	\N	\N
818c5531-8991-44a4-80cd-95c5340a4258	1760ad65-52a2-4f54-98cc-9c0df824384d	Donor	1000	booked	Archana Aarthy	2026-04-23 19:28:45.992998+00	Christy	+919940866363	organizer	10	\N	sent	\N	2026-04-23 19:28:48.204+00	0	139	t	\N	\N	\N	\N
3bffb70b-b1a9-4594-8a51-ccea9216944d	1760ad65-52a2-4f54-98cc-9c0df824384d	Donor	1000	booked	Prakash SM	2026-04-24 01:48:51.914188+00	Arun	+919840231272	trust	5	IN12611334098515	sent	\N	2026-04-24 01:48:53.58+00	0	140	t	\N	\N	\N	\N
3920fa1d-1706-43d0-ae13-1d9704513598	1760ad65-52a2-4f54-98cc-9c0df824384d	Platinum	500	booked	Mrs Devi Senthilkumar	2026-04-24 04:29:32.755457+00	Vishwa	+919884105293	organizer	1	\N	sent	\N	2026-04-24 04:29:33.791+00	0	141	t	\N	\N	\N	\N
48cf8920-6586-4af7-90ef-ebc289facc06	1760ad65-52a2-4f54-98cc-9c0df824384d	Donor	1000	booked	Balaji	2026-04-24 04:38:09.265684+00	Arun	+917010630086	trust	1	898038115153	sent	\N	2026-04-24 04:38:10.039+00	0	143	t	\N	\N	\N	\N
b0cde038-3086-488d-9a67-a014a2d44539	1760ad65-52a2-4f54-98cc-9c0df824384d	Donor	1000	booked	Thileepan 	2026-04-24 05:07:19.960405+00	Arun	+919940765642	organizer	10	\N	sent	\N	2026-04-24 05:07:21.74+00	0	145	t	\N	\N	\N	\N
3e6955b0-8419-4627-8e76-c8a97f1900cd	1760ad65-52a2-4f54-98cc-9c0df824384d	Donor	1000	booked	Tito	2026-04-24 05:30:03.521856+00	Arun	+919962912329	trust	2	090538945225	sent	\N	2026-04-24 07:06:21.362+00	0	146	t	\N	\N	\N	\N
c1b9115a-32dd-4213-ad0f-f613b10cd5f9	1760ad65-52a2-4f54-98cc-9c0df824384d	Donor	1000	booked	Abinaya Prabhu 	2026-04-24 07:11:06.209603+00	Arun	+919500133555	trust	2	109674260042	sent	\N	2026-04-24 07:11:07.856+00	0	148	t	\N	\N	\N	\N
35ee2689-a2a4-44aa-bfd4-03229e7d7cc0	1760ad65-52a2-4f54-98cc-9c0df824384d	Donor	1000	booked	Aruvi	2026-04-24 08:20:36.392344+00	Vinyas	+919790454017	organizer	1	\N	sent	\N	2026-04-24 08:20:38.126+00	0	150	t	\N	\N	\N	\N
4758e3c5-7d94-47b7-9dce-347dede0cce4	1760ad65-52a2-4f54-98cc-9c0df824384d	Platinum	500	checked_in	Mr.Shyaam	2026-04-25 10:54:37.19881+00	Babitha	+919444568360	organizer	1	\N	sent	\N	2026-04-25 10:54:37.94+00	1	174	t	\N	\N	\N	\N
09c3f890-b79f-4ca0-bb63-001c95b02107	1760ad65-52a2-4f54-98cc-9c0df824384d	Donor	1000	booked	Muthukanan	2026-04-27 07:31:03.33241+00	Christy	+918870519188	organizer	5	\N	sent	\N	2026-04-27 07:31:05.602+00	0	199	t	\N	\N	\N	\N
17a435dd-82b8-4789-8c76-bb4ce8857807	1760ad65-52a2-4f54-98cc-9c0df824384d	Donor	1000	booked	Sabarish 	2026-04-24 09:22:36.446215+00	Arun	+917806828582	trust	1	109675257193	sent	\N	2026-04-24 09:22:38.691+00	0	152	t	\N	\N	\N	\N
428cb76d-fb8f-413e-832a-d83348e8d0aa	1760ad65-52a2-4f54-98cc-9c0df824384d	Platinum	500	checked_in	Mr.Vinoth	2026-04-25 11:49:12.211195+00	Babitha	+919283366378	organizer	1	\N	sent	\N	2026-04-25 11:49:14.294+00	1	177	t	\N	\N	\N	\N
cb631019-cd99-497b-8f4d-3f09ca4431b4	1760ad65-52a2-4f54-98cc-9c0df824384d	Platinum	500	booked	Cyril 	2026-04-24 11:09:37.597711+00	Jessita	+917010355458	organizer	2	\N	sent	\N	2026-04-24 11:09:39.269+00	0	153	t	\N	\N	\N	\N
cd9d7f34-4d85-4456-923f-8377e11ebf8c	1760ad65-52a2-4f54-98cc-9c0df824384d	Platinum	500	checked_in	Balasubramaniam	2026-04-24 09:20:48.625416+00	Ramya	+919962751065	organizer	7	\N	sent	\N	2026-04-24 09:20:50.282+00	7	151	t	\N	\N	\N	\N
4232eea2-2419-4bdd-a2cb-0291a3064c9f	1760ad65-52a2-4f54-98cc-9c0df824384d	Donor	1000	booked	Krishna Nair	2026-04-24 12:31:07.668893+00	Christy	+918208493716	organizer	1	\N	sent	\N	2026-04-24 12:31:09.629+00	0	155	t	\N	\N	\N	\N
97038c64-2ff3-4d56-bb57-0d3b06e83414	1760ad65-52a2-4f54-98cc-9c0df824384d	Donor	1000	booked	Sathya	2026-04-25 10:35:06.147207+00	Arun	+919986784611	organizer	1	\N	sent	\N	2026-04-25 10:35:06.785+00	0	165	t	\N	\N	\N	\N
aa7ab001-e506-4dc5-84e1-145f331508a3	1760ad65-52a2-4f54-98cc-9c0df824384d	Donor	1000	booked	Rakesh Varma	2026-04-24 12:30:33.272817+00	Christy	+918956629328	organizer	1	\N	sent	\N	2026-04-24 13:01:56.041+00	0	154	t	\N	\N	\N	\N
89d41cb8-8ed7-4f76-80e2-2c38e14ed45b	1760ad65-52a2-4f54-98cc-9c0df824384d	Platinum	500	booked	Mrs Chitra Ashok	2026-04-24 15:11:21.975716+00	Vishwa	+919884430146	trust	1	611480208475	sent	\N	2026-04-24 15:11:22.755+00	0	156	t	\N	\N	\N	\N
c8dd54cc-3380-47d4-89e4-ce80a1f347a9	1760ad65-52a2-4f54-98cc-9c0df824384d	Donor	1000	booked	Ram kumar	2026-04-25 03:50:57.038443+00	Vinyas	+919994923734	organizer	3	\N	sent	\N	2026-04-25 03:51:00.039+00	0	159	t	\N	\N	\N	\N
e9d7e4ed-571e-49ca-9758-3659cb0d3ba8	1760ad65-52a2-4f54-98cc-9c0df824384d	Donor	1000	booked	Sharon	2026-04-25 04:41:26.008962+00	Vinyas	+919994577593	organizer	1	\N	sent	\N	2026-04-25 04:41:28.279+00	0	160	t	\N	\N	\N	\N
dde5dbf1-67b6-44b6-b765-052fea69db9b	1760ad65-52a2-4f54-98cc-9c0df824384d	Donor	1000	booked	Gayathri	2026-04-25 05:14:08.405669+00	Vinyas	+919840383847	organizer	1	\N	sent	\N	2026-04-25 05:14:11.108+00	0	161	t	\N	\N	\N	\N
35561c27-d339-4567-b4f5-924509cb9bdd	1760ad65-52a2-4f54-98cc-9c0df824384d	Donor	1000	booked	Sankeirthana	2026-04-25 07:02:43.449043+00	Roshini	+919842724917	organizer	1	\N	sent	\N	2026-04-25 07:02:45.873+00	0	162	t	\N	\N	\N	\N
af6e2224-f158-4ae4-bbf8-06c3dc8d8c70	1760ad65-52a2-4f54-98cc-9c0df824384d	Donor	1000	booked	Murugan 	2026-04-24 17:20:08.030489+00	Christy	+919176690677	organizer	1	\N	sent	\N	2026-04-25 10:30:23.346+00	0	158	t	\N	\N	\N	\N
9f35b8cc-f07d-4db3-8737-6b6bfc51c9db	1760ad65-52a2-4f54-98cc-9c0df824384d	Donor	1000	booked	Divya Lakshmi 	2026-04-24 15:37:34.562247+00	Arun	+917092869823	trust	1	122107282265	sent	\N	2026-04-25 10:33:10.636+00	0	157	t	\N	\N	\N	\N
3114c58b-b382-4fa5-a448-e48cb9635f55	1760ad65-52a2-4f54-98cc-9c0df824384d	Donor	1000	booked	Shalini 	2026-04-25 10:34:15.896656+00	Arun	+918778526727	organizer	1	\N	sent	\N	2026-04-25 10:34:16.524+00	0	163	t	\N	\N	\N	\N
48f60aba-b218-40b4-8f7b-5aa901d8a9b9	1760ad65-52a2-4f54-98cc-9c0df824384d	Donor	1000	booked	Sasi	2026-04-25 10:34:42.930506+00	Arun	+918296503685	organizer	1	\N	sent	\N	2026-04-25 10:34:43.652+00	0	164	t	\N	\N	\N	\N
a4a27f51-6d38-4752-a40f-4831a956c1f7	1760ad65-52a2-4f54-98cc-9c0df824384d	Donor	1000	booked	Tamil Mani	2026-04-25 10:35:26.556391+00	Arun	+919994837687	organizer	1	\N	sent	\N	2026-04-25 10:35:27.187+00	0	166	t	\N	\N	\N	\N
b8dfbb10-4faa-4e67-8fa3-f133f7d279ba	1760ad65-52a2-4f54-98cc-9c0df824384d	Donor	1000	booked	Tariq	2026-04-25 10:38:51.0038+00	Arun	+919747479327	organizer	1	\N	sent	\N	2026-04-25 10:38:51.748+00	0	167	t	\N	\N	\N	\N
16142b1b-a1cf-4f0d-9a0a-8cbc3a950a5a	1760ad65-52a2-4f54-98cc-9c0df824384d	Donor	1000	booked	Yuvaraj 	2026-04-25 10:41:47.773378+00	Arun	+919884277198	organizer	1	\N	sent	\N	2026-04-25 10:41:48.36+00	0	168	t	\N	\N	\N	\N
d0d7bc8d-bed0-4c52-96fc-9b6e531d3065	1760ad65-52a2-4f54-98cc-9c0df824384d	Donor	1000	booked	Mrs.Priya 	2026-04-25 10:46:42.102662+00	Babitha	+919941316695	organizer	1	\N	sent	\N	2026-04-25 10:46:42.71+00	0	169	t	\N	\N	\N	\N
4fc19e73-9e38-4d9e-a3a3-2632be93621f	1760ad65-52a2-4f54-98cc-9c0df824384d	Donor	1000	booked	Mrs.Padma	2026-04-25 10:50:40.183691+00	Babitha	+919710419505	organizer	2	\N	sent	\N	2026-04-25 10:50:41.143+00	0	170	t	\N	\N	\N	\N
6b8ea0ea-0857-43e2-86bb-87ec63fa0bdb	1760ad65-52a2-4f54-98cc-9c0df824384d	Donor	1000	booked	Mrs.Subha	2026-04-25 10:51:34.872655+00	Babitha	+919849848582	organizer	1	\N	sent	\N	2026-04-25 10:51:35.781+00	0	171	t	\N	\N	\N	\N
75df0da8-ff23-49c7-bc22-5f0a06aa9917	1760ad65-52a2-4f54-98cc-9c0df824384d	Donor	1000	booked	Mr.Palani	2026-04-25 10:52:21.739696+00	Babitha	+919500115409	organizer	1	\N	sent	\N	2026-04-25 10:52:22.67+00	0	172	t	\N	\N	\N	\N
76327a8a-95f3-40a8-8a35-b8d312eef823	1760ad65-52a2-4f54-98cc-9c0df824384d	Donor	1000	booked	Mrs.Thanushri	2026-04-25 10:53:39.113938+00	Babitha	+917358231536	organizer	1	\N	sent	\N	2026-04-25 10:53:39.902+00	0	173	t	\N	\N	\N	\N
e21e3085-2073-4c12-abe8-86e80f178f1c	1760ad65-52a2-4f54-98cc-9c0df824384d	Donor	1000	booked	Mr.Suresh	2026-04-25 11:37:18.19778+00	Babitha	+917904628554	organizer	1	\N	sent	\N	2026-04-25 11:37:19.901+00	0	176	t	\N	\N	\N	\N
143c3fb4-8e79-4faf-81fc-496abf25428a	1760ad65-52a2-4f54-98cc-9c0df824384d	Donor	1000	booked	Mrs. Jeysree 	2026-04-25 13:23:06.895195+00	Babitha	+919840068587	organizer	1	\N	sent	\N	2026-04-25 13:23:08.921+00	0	178	t	\N	\N	\N	\N
a57718ed-e6ca-49b6-99fc-fe71b9d8114d	1760ad65-52a2-4f54-98cc-9c0df824384d	Donor	1000	booked	Mrs Easwari vel	2026-04-25 14:15:13.472968+00	Arun	+918903950989	organizer	1	\N	sent	\N	2026-04-25 14:15:14.912+00	0	179	t	\N	\N	\N	\N
7dc87d28-7256-4e8f-a125-f8eeb51b738b	1760ad65-52a2-4f54-98cc-9c0df824384d	Donor	1000	booked	Aravinda kumar 	2026-04-25 14:22:27.963073+00	Arun	+913168379080	organizer	10	\N	sent	\N	2026-04-25 14:22:29.56+00	0	180	t	\N	\N	\N	\N
77376e0e-3def-4831-b53f-cbe59e02babc	1760ad65-52a2-4f54-98cc-9c0df824384d	Donor	1000	booked	Mrs Easwari Vel	2026-04-25 14:23:43.120288+00	Arun	+918903950989	organizer	4	\N	sent	\N	2026-04-25 14:23:44.924+00	0	181	t	\N	\N	\N	\N
1dab4b61-270e-409e-bfd6-153502befd9c	1760ad65-52a2-4f54-98cc-9c0df824384d	Donor	1000	booked	Mrs.Sindhu	2026-04-25 15:30:31.630102+00	Babitha	+919789982026	organizer	1	\N	sent	\N	2026-04-25 15:30:33.499+00	0	183	t	\N	\N	\N	\N
df65510b-68ee-4042-9e82-6464b4075972	1760ad65-52a2-4f54-98cc-9c0df824384d	Donor	1000	booked	Shruthi	2026-04-26 05:00:44.928231+00	Christy	+917358050656	organizer	1	\N	sent	\N	2026-04-26 05:00:47.718+00	0	184	t	\N	\N	\N	\N
a4cc3043-5663-498c-80a3-d78f4537d3cd	1760ad65-52a2-4f54-98cc-9c0df824384d	Donor	1000	booked	Kamesh	2026-04-25 15:12:31.677175+00	Christy	+919444297997	organizer	1	\N	sent	\N	2026-04-26 11:23:42.045+00	0	182	t	\N	\N	\N	\N
da2c06c4-876b-4471-b463-3256c5e356bc	1760ad65-52a2-4f54-98cc-9c0df824384d	Donor	1000	booked	Shruthi	2026-04-26 05:01:06.017079+00	Christy	+917358050656	organizer	3	\N	sent	\N	2026-04-26 05:01:07.746+00	0	185	t	\N	\N	\N	\N
c8d78d86-5d25-42e8-8317-010e85a24dbe	1760ad65-52a2-4f54-98cc-9c0df824384d	Platinum	500	booked	Karthik	2026-04-30 15:45:40.701179+00	Yuva	+919360062822	organizer	6	\N	sent	\N	2026-04-30 15:45:42.291+00	0	299	t	\N	\N	\N	\N
10cd9df9-20ec-47b3-b6c7-90b0fbb0fb9a	1760ad65-52a2-4f54-98cc-9c0df824384d	Donor	1000	booked	Mr.Rajesh 	2026-04-26 12:48:52.197311+00	Babitha	+919444820803	organizer	1	\N	sent	\N	2026-04-26 12:48:53.62+00	0	186	t	\N	\N	\N	\N
c310e803-27c6-4002-9362-becee6d251ab	1760ad65-52a2-4f54-98cc-9c0df824384d	Donor	1000	booked	Zohara	2026-04-26 17:20:32.778674+00	Jeba	+919600782662	organizer	2	\N	sent	\N	2026-04-26 17:20:34.736+00	0	187	t	\N	\N	\N	\N
1a3421ac-eb39-4b97-bb42-ef2273f0bb61	1760ad65-52a2-4f54-98cc-9c0df824384d	Platinum	500	booked	C S Narayanan	2026-04-27 11:32:55.563356+00	Jenny	+919385593193	organizer	2	\N	sent	\N	2026-04-27 11:32:56.392+00	0	209	t	\N	\N	\N	\N
05a3bb1a-1301-4af3-92bb-5b21bd8af19f	1760ad65-52a2-4f54-98cc-9c0df824384d	Donor	1000	booked	Vijay	2026-04-26 17:53:39.36436+00	Jenny	+919886587373	trust	20	611623179751	sent	\N	2026-04-26 18:25:52.165+00	0	188	t	\N	\N	\N	\N
e6742943-f962-4989-b316-9da0bde08e2f	1760ad65-52a2-4f54-98cc-9c0df824384d	Platinum	500	booked	Allen sunny Antony 	2026-04-27 04:55:16.751687+00	Jessita	+919087523075	organizer	3	\N	sent	\N	2026-04-27 04:55:18.908+00	2	192	t	\N	\N	\N	\N
df6823d6-4451-4e73-a511-5ea38d7cf942	1760ad65-52a2-4f54-98cc-9c0df824384d	Donor	1000	booked	Palani 	2026-04-27 03:33:28.431398+00	Arun	+919894523059	organizer	10	\N	sent	\N	2026-04-27 03:33:29.771+00	0	189	t	\N	\N	\N	\N
ece033fa-2f10-415f-bd72-e731b85ce211	1760ad65-52a2-4f54-98cc-9c0df824384d	Platinum	500	checked_in	Bharath	2026-04-27 16:33:46.730261+00	Roshini	+917569075673	organizer	1	\N	sent	\N	2026-04-27 16:33:48.346+00	1	212	t	\N	\N	\N	\N
08a84884-d738-4681-a9b9-713f53dc6f97	1760ad65-52a2-4f54-98cc-9c0df824384d	Donor	1000	booked	Aravindan 	2026-04-27 03:37:10.722466+00	Arun	+919894442798	trust	1	00955333666	sent	\N	2026-04-27 03:37:11.361+00	0	190	t	\N	\N	\N	\N
85bca820-3a32-41f3-8ff8-2060ed217470	1760ad65-52a2-4f54-98cc-9c0df824384d	Donor	1000	booked	Amina 	2026-04-27 08:09:04.884752+00	Jessita	+919677196751	organizer	2	\N	sent	\N	2026-04-27 08:11:28.202+00	0	200	t	\N	\N	\N	\N
dacc2319-2b0c-42ab-9158-9ddbb7127b7d	1760ad65-52a2-4f54-98cc-9c0df824384d	Platinum	500	booked	Hema	2026-04-27 03:41:31.657398+00	Jenny	+918939329465	organizer	2	\N	sent	\N	2026-04-27 03:41:31.953+00	0	191	t	\N	\N	\N	\N
13253695-203b-479e-9ab7-90ef0005f598	1760ad65-52a2-4f54-98cc-9c0df824384d	Donor	1000	booked	Alan Kevin 	2026-04-27 09:23:23.287766+00	Arun	+918825642298	organizer	1	\N	sent	\N	2026-04-27 09:23:24.661+00	0	201	t	\N	\N	\N	\N
b389c517-78b0-4bae-b10c-73be06fd3a89	1760ad65-52a2-4f54-98cc-9c0df824384d	Platinum	500	checked_in	Shakthi	2026-04-28 09:03:23.338795+00	Yuva	+919176004272	organizer	2	\N	sent	\N	2026-04-28 09:03:24.003+00	2	221	t	\N	\N	\N	\N
afdc04d5-b9f8-4f02-94e3-24a2b31dc12d	1760ad65-52a2-4f54-98cc-9c0df824384d	Donor	1000	booked	Balasubramanian	2026-04-27 06:04:21.048482+00	Ravi	+919686601124	organizer	1	\N	sent	\N	2026-04-27 06:04:21.46+00	0	193	t	\N	\N	\N	\N
512b4946-1abe-4bc9-a485-72a1c55c4dde	1760ad65-52a2-4f54-98cc-9c0df824384d	Donor	1000	booked	Deepak	2026-04-27 10:02:41.777763+00	Arun	+919003723230	organizer	1	\N	sent	\N	2026-04-27 10:02:43.217+00	0	202	t	\N	\N	\N	\N
5bc9cd86-24e3-4283-84b6-45c00ef86e68	1760ad65-52a2-4f54-98cc-9c0df824384d	Donor	1000	booked	Subramani	2026-04-27 06:06:38.270362+00	Ravi	+919884833076	organizer	1	\N	sent	\N	2026-04-27 06:06:39.057+00	0	194	t	\N	\N	\N	\N
ca5fc9b7-a8f5-4754-8a3c-d6bea24de81a	1760ad65-52a2-4f54-98cc-9c0df824384d	Platinum	500	checked_in	Venkat	2026-04-28 09:01:51.477712+00	Yuva	+919884674727	organizer	2	\N	sent	\N	2026-04-28 09:01:52.253+00	2	220	t	\N	\N	\N	\N
8ac5e6ae-9b37-4909-848a-780278d36bda	1760ad65-52a2-4f54-98cc-9c0df824384d	Donor	1000	booked	Selvam	2026-04-27 06:08:18.432823+00	Ravi	+919445063860	organizer	1	\N	sent	\N	2026-04-27 06:08:17.944+00	0	195	t	\N	\N	\N	\N
ed1ada64-bb5d-4900-916a-f650ae7b1ae0	1760ad65-52a2-4f54-98cc-9c0df824384d	Donor	1000	booked	Nandhini	2026-04-27 10:33:09.48721+00	Jenny	+919962978907	organizer	2	\N	sent	\N	2026-04-27 10:33:11.136+00	0	203	t	\N	\N	\N	\N
f9ac49bc-c883-408c-8843-ee2d0233cd4e	1760ad65-52a2-4f54-98cc-9c0df824384d	Donor	1000	booked	Selwin	2026-04-27 06:09:02.149615+00	Ravi	+919444384945	organizer	1	\N	sent	\N	2026-04-27 06:09:01.458+00	0	196	t	\N	\N	\N	\N
2f322f3b-d392-43a2-8ff5-9a41b8ef983c	1760ad65-52a2-4f54-98cc-9c0df824384d	Platinum	500	checked_in	Padmavathi	2026-04-28 08:56:38.538931+00	Yuva	+918124230007	organizer	1	\N	sent	\N	2026-04-28 08:56:40.144+00	1	218	t	\N	\N	\N	\N
c2bf02e2-8cb9-4721-8e3f-b510870a100d	1760ad65-52a2-4f54-98cc-9c0df824384d	Donor	1000	booked	Abilash 	2026-04-27 10:38:06.120675+00	Arun	+917303550556	organizer	1	\N	sent	\N	2026-04-27 10:38:06.99+00	0	204	t	\N	\N	\N	\N
653051b9-4c4c-4a2a-bb03-3358763a85e8	1760ad65-52a2-4f54-98cc-9c0df824384d	Platinum	500	checked_in	Varshini	2026-04-27 11:15:01.639857+00	Preetha	+918015134542	organizer	4	\N	sent	\N	2026-04-27 11:15:02.753+00	4	205	t	\N	\N	\N	\N
1d1b1e17-7b20-4f85-afc6-05cb11db369b	1760ad65-52a2-4f54-98cc-9c0df824384d	Platinum	500	checked_in	Balasubramanium	2026-04-27 13:10:34.369387+00	Ramya	+919962751065	organizer	2	\N	sent	\N	2026-04-27 13:10:37.543+00	2	211	t	\N	\N	\N	\N
adca5db6-d778-481e-9433-472c8d94c913	1760ad65-52a2-4f54-98cc-9c0df824384d	Donor	1000	booked	Navaneeth shiva	2026-04-27 11:16:16.320052+00	Preetha	+918015134542	organizer	1	\N	sent	\N	2026-04-27 11:16:17.507+00	0	206	t	\N	\N	\N	\N
d00b22a9-0973-449a-bbc1-9bd302a03498	1760ad65-52a2-4f54-98cc-9c0df824384d	Platinum	500	checked_in	Vithya Peethambaran	2026-04-27 11:32:18.993641+00	Jenny	+919789943813	organizer	3	\N	sent	\N	2026-04-27 11:32:20.559+00	3	208	t	\N	\N	\N	\N
16849c4c-6dc8-4125-8882-456ade13b861	1760ad65-52a2-4f54-98cc-9c0df824384d	Donor	1000	booked	Lakshmi	2026-04-27 11:34:10.450046+00	Jenny	+17047779319	organizer	1	\N	sent	\N	2026-04-27 11:34:11.208+00	0	210	t	\N	\N	\N	\N
421f0552-2542-4298-a12e-684dbf48334b	1760ad65-52a2-4f54-98cc-9c0df824384d	Donor	1000	booked	Magesh	2026-04-28 02:11:42.258252+00	Jenny	+15103040122	trust	4	IN12611834521329	sent	\N	2026-04-28 02:11:44.555+00	0	213	t	\N	\N	\N	\N
1e8de9aa-bf3a-4caf-aa59-723f93f07448	1760ad65-52a2-4f54-98cc-9c0df824384d	Donor	1000	booked	Bhavya 	2026-04-28 05:52:28.585259+00	Arun	+919962280533	organizer	1	\N	sent	\N	2026-04-28 05:52:30.858+00	0	214	t	\N	\N	\N	\N
2a09789a-3d98-4949-8a25-d44f13a6eedd	1760ad65-52a2-4f54-98cc-9c0df824384d	Platinum	500	booked	Bhavya	2026-04-28 05:52:42.034038+00	Arun	+919962280533	organizer	1	\N	sent	\N	2026-04-28 05:52:42.638+00	0	215	t	\N	\N	\N	\N
2c6439a1-09a1-42f1-b636-854aa2a9ad8c	1760ad65-52a2-4f54-98cc-9c0df824384d	Platinum	500	booked	Arun	2026-04-28 06:01:30.533886+00	Preetha	+919500113318	organizer	1	\N	sent	\N	2026-04-28 06:01:31.49+00	0	216	t	\N	\N	\N	\N
d04368f4-0dd2-4277-a11d-bd05909db33d	1760ad65-52a2-4f54-98cc-9c0df824384d	Donor	1000	booked	Harshavardhan	2026-04-28 06:08:30.244997+00	Christy	+919123587291	organizer	1	\N	sent	\N	2026-04-28 06:08:32.2+00	0	217	t	\N	\N	\N	\N
ba1a9c7c-70b8-4bc4-838d-d387201c3951	1760ad65-52a2-4f54-98cc-9c0df824384d	Platinum	500	booked	Suresh	2026-04-28 09:00:07.933217+00	Yuva	+919944730679	organizer	4	\N	sent	\N	2026-04-28 09:00:08.718+00	0	219	t	\N	\N	\N	\N
a4e9a9cd-6697-4ead-9fd4-bf6728c1a99f	1760ad65-52a2-4f54-98cc-9c0df824384d	Platinum	500	booked	Vinodh	2026-04-28 09:08:07.050505+00	Yuva	+918124333123	organizer	1	\N	sent	\N	2026-04-28 09:08:07.552+00	0	222	t	\N	\N	\N	\N
3000d85c-5cdb-42ca-b8ad-b8e8b786314e	1760ad65-52a2-4f54-98cc-9c0df824384d	Platinum	500	checked_in	Nepolean	2026-04-28 09:54:13.839691+00	Yuva	+918668132527	organizer	1	\N	sent	\N	2026-04-28 09:54:14.416+00	1	238	t	\N	\N	\N	\N
30f9e19d-2810-469d-9372-01ec729f7a6f	1760ad65-52a2-4f54-98cc-9c0df824384d	Donor	1000	booked	Aishwarya 	2026-04-30 18:23:11.505982+00	Vishwa	+919003018418	organizer	1	\N	sent	\N	2026-04-30 18:23:10.789+00	0	302	t	\N	\N	\N	\N
f7a14980-9ca9-48b7-b1f2-5ba289534bbc	1760ad65-52a2-4f54-98cc-9c0df824384d	Platinum	500	booked	Prashanthini	2026-04-28 09:26:04.127851+00	Yuva	+917358567720	organizer	3	\N	sent	\N	2026-04-28 09:26:05.649+00	0	225	t	\N	\N	\N	\N
304c633b-6358-446e-8e30-4e31e2ea5715	1760ad65-52a2-4f54-98cc-9c0df824384d	Platinum	500	checked_in	Karthik	2026-04-28 09:28:13.227853+00	Yuva	+919500444430	organizer	4	\N	sent	\N	2026-04-28 09:28:13.933+00	4	226	t	\N	\N	\N	\N
44cf7637-8e83-48d6-8ac0-8215bd362ecb	1760ad65-52a2-4f54-98cc-9c0df824384d	Platinum	500	checked_in	Sowmya	2026-04-28 09:41:56.599524+00	Yuva	+919790952873	organizer	2	\N	sent	\N	2026-04-28 09:41:57.231+00	2	232	t	\N	\N	\N	\N
b942ec32-4352-4ce2-bd76-4deeaf6536eb	1760ad65-52a2-4f54-98cc-9c0df824384d	Platinum	500	checked_in	Sudhs	2026-04-28 13:41:48.384965+00	Yuva	+919884483812	organizer	1	\N	sent	\N	2026-04-28 13:41:49.188+00	1	247	t	\N	\N	\N	\N
d97df0ef-9577-4f95-ac44-5f388c14679a	1760ad65-52a2-4f54-98cc-9c0df824384d	Platinum	500	checked_in	Saraswathi	2026-04-28 10:40:16.725135+00	Yuva	+919962530671	organizer	1	\N	sent	\N	2026-04-28 10:40:18.162+00	1	244	t	\N	\N	\N	\N
3b933d0b-807e-4e36-a569-0307ba1caf0c	1760ad65-52a2-4f54-98cc-9c0df824384d	Platinum	500	booked	Shankar	2026-04-28 09:35:55.056488+00	Yuva	+919884016423	organizer	5	\N	sent	\N	2026-04-28 09:35:55.669+00	0	229	t	\N	\N	\N	\N
857c36cd-4b11-4598-ab54-49f9c18c7af5	1760ad65-52a2-4f54-98cc-9c0df824384d	Platinum	500	checked_in	Raj	2026-04-28 09:52:51.754611+00	Yuva	+919944932102	organizer	5	\N	sent	\N	2026-04-28 09:52:52.285+00	5	237	t	\N	\N	\N	\N
8758da3b-2032-40ce-9329-e05ad72b3b4a	1760ad65-52a2-4f54-98cc-9c0df824384d	Platinum	500	booked	Jayashree	2026-04-28 09:37:54.225211+00	Yuva	+918056429818	organizer	2	\N	sent	\N	2026-04-28 09:37:55.056+00	0	230	t	\N	\N	\N	\N
85b2deec-93c9-45b2-9d63-d06375f90642	1760ad65-52a2-4f54-98cc-9c0df824384d	Platinum	500	checked_in	Senthil	2026-04-28 14:52:00.098347+00	Yuva	+919841807554	organizer	3	\N	sent	\N	2026-04-28 14:52:01.43+00	3	249	t	\N	\N	\N	\N
f134075c-0a0c-4bd1-9568-2730d151742a	1760ad65-52a2-4f54-98cc-9c0df824384d	Platinum	500	checked_in	Kalarani	2026-04-28 09:20:17.85813+00	Yuva	+916380717565	organizer	1	\N	sent	\N	2026-04-28 09:20:18.595+00	1	224	t	\N	\N	\N	\N
0682a5a6-cf2c-46b1-85f3-a5f6558c3912	1760ad65-52a2-4f54-98cc-9c0df824384d	Platinum	500	booked	Vijay	2026-04-28 09:45:03.942694+00	Yuva	+919941505886	organizer	2	\N	sent	\N	2026-04-28 09:45:04.726+00	0	233	t	\N	\N	\N	\N
f9407869-dcd2-4701-a838-4ead0385e25e	1760ad65-52a2-4f54-98cc-9c0df824384d	Platinum	500	checked_in	Arvind	2026-04-28 09:39:44.592916+00	Yuva	+918754938394	organizer	2	\N	sent	\N	2026-04-28 09:39:45.235+00	2	231	t	\N	\N	\N	\N
e8efaf33-9907-47bd-bb80-c7077c74d79c	1760ad65-52a2-4f54-98cc-9c0df824384d	Platinum	500	booked	Inba	2026-04-28 09:47:26.442582+00	Yuva	+919884161712	organizer	2	\N	sent	\N	2026-04-28 09:47:27.076+00	0	234	t	\N	\N	\N	\N
f20a5c4f-273f-481e-822f-f38fb9bb962f	1760ad65-52a2-4f54-98cc-9c0df824384d	Platinum	500	checked_in	Manigandan	2026-04-28 09:30:01.509687+00	Yuva	+918754474210	organizer	4	\N	sent	\N	2026-04-28 09:30:02.347+00	4	227	t	\N	\N	\N	\N
bda73f8e-9522-48b1-a5f2-c0484858cb99	1760ad65-52a2-4f54-98cc-9c0df824384d	Platinum	500	checked_in	Uthra	2026-04-28 09:32:29.74143+00	Yuva	+919566166240	organizer	2	\N	sent	\N	2026-04-28 09:32:30.732+00	2	228	t	\N	\N	\N	\N
f66a95f0-d2d8-4947-9b81-bfe2c73a6100	1760ad65-52a2-4f54-98cc-9c0df824384d	Platinum	500	checked_in	Kannan	2026-04-28 09:56:20.927177+00	Yuva	+919866008494	organizer	1	\N	sent	\N	2026-04-28 09:56:21.6+00	1	239	t	\N	\N	\N	\N
b80e011f-caf1-410e-9be0-a9f68741d37e	1760ad65-52a2-4f54-98cc-9c0df824384d	Platinum	500	booked	Archana	2026-04-28 09:51:51.594275+00	Yuva	+919841139694	organizer	10	\N	sent	\N	2026-04-28 09:51:52.282+00	2	236	t	\N	\N	\N	\N
a476e89f-b176-45ec-b4dd-58dadd84235b	1760ad65-52a2-4f54-98cc-9c0df824384d	Platinum	500	checked_in	Shalini	2026-04-28 14:00:46.374119+00	Jenny	+919884537095	organizer	4	\N	sent	\N	2026-04-28 14:00:47.955+00	4	248	t	\N	\N	\N	\N
71b13872-2db0-4924-980c-3d51eb38e688	1760ad65-52a2-4f54-98cc-9c0df824384d	Platinum	500	booked	Paul	2026-04-28 09:57:56.683941+00	Yuva	+919841668256	organizer	3	\N	sent	\N	2026-04-28 09:57:57.241+00	0	240	t	\N	\N	\N	\N
86d61b22-7947-47d1-b009-97827a07fd9d	1760ad65-52a2-4f54-98cc-9c0df824384d	Donor	1000	booked	Mr.Dinesh 	2026-04-28 10:03:30.155018+00	Babitha	+919884785499	organizer	1	\N	sent	\N	2026-04-28 10:03:30.868+00	0	241	t	\N	\N	\N	\N
73b66f97-9326-4c24-92d9-cbafa01caaf8	1760ad65-52a2-4f54-98cc-9c0df824384d	Donor	1000	booked	Saranya	2026-04-28 10:18:26.411255+00	Yuva	+919600380933	organizer	1	\N	sent	\N	2026-04-28 10:18:27.712+00	0	242	t	\N	\N	\N	\N
309633ea-4004-4fc0-af88-2a1adbcfbdd2	1760ad65-52a2-4f54-98cc-9c0df824384d	Platinum	500	booked	Sarath	2026-04-28 10:31:04.649237+00	Yuva	+919940351922	organizer	1	\N	sent	\N	2026-04-28 10:31:06.689+00	0	243	t	\N	\N	\N	\N
59df2c4e-5f44-41e0-af2e-084b20e67103	1760ad65-52a2-4f54-98cc-9c0df824384d	Platinum	500	booked	Nirandhari	2026-04-28 13:21:26.343856+00	Yuva	+919787153270	organizer	2	\N	sent	\N	2026-04-28 13:21:28.025+00	0	245	t	\N	\N	\N	\N
a1dac5ed-a6d7-4c49-8cc0-ad6a691048dc	1760ad65-52a2-4f54-98cc-9c0df824384d	Platinum	500	booked	Aparna	2026-04-28 13:40:18.650724+00	Yuva	+917200524926	organizer	2	\N	sent	\N	2026-04-28 13:40:19.974+00	0	246	t	\N	\N	\N	\N
024e1197-29ab-4f2d-ae56-f07c6c182e67	1760ad65-52a2-4f54-98cc-9c0df824384d	Donor	1000	booked	Abdul fatah	2026-04-28 14:54:15.161003+00	Preetha	+917338700930	organizer	1	\N	sent	\N	2026-04-28 14:54:18.052+00	0	250	t	\N	\N	\N	\N
67a0e612-243e-4f70-8bd8-d2534715dc0c	1760ad65-52a2-4f54-98cc-9c0df824384d	Donor	1000	booked	Kumaravel	2026-04-28 14:59:30.585434+00	Yuva	+919600046614	organizer	1	\N	sent	\N	2026-04-28 14:59:31.397+00	0	251	t	\N	\N	\N	\N
553d74f4-b1c3-4776-a863-2ab05faa4217	1760ad65-52a2-4f54-98cc-9c0df824384d	Donor	1000	booked	Pankajam	2026-04-29 04:43:36.969198+00	Ramya	+1 (817) 881-4989	organizer	18	\N	sent	\N	2026-04-29 04:44:06.68+00	0	252	t	\N	\N	\N	\N
16a4135e-5b95-4dd8-975f-53a39f42dd98	1760ad65-52a2-4f54-98cc-9c0df824384d	Donor	1000	booked	Aruna	2026-04-29 06:06:29.427295+00	Jenny	+919884908355	organizer	1	\N	sent	\N	2026-04-29 06:06:32.313+00	0	253	t	\N	\N	\N	\N
e5d7dd0b-8fa2-428c-9564-8e40519dfec1	1760ad65-52a2-4f54-98cc-9c0df824384d	Donor	1000	booked	Vijey Christopher	2026-04-29 07:21:28.540005+00	Jenny	+918433343457	organizer	10	\N	sent	\N	2026-04-29 07:21:32.868+00	0	254	t	\N	\N	\N	\N
8d6e6b2d-115d-4109-91a5-f9eb14061dfe	1760ad65-52a2-4f54-98cc-9c0df824384d	Donor	1000	booked	Sudhanya	2026-04-29 07:25:34.776254+00	Jenny	+918903667367	organizer	1	\N	sent	\N	2026-04-29 07:25:36.48+00	0	255	t	\N	\N	\N	\N
b94c6f92-07e8-41a8-9527-b03fbf396015	1760ad65-52a2-4f54-98cc-9c0df824384d	Platinum	500	booked	Muruga	2026-04-29 07:27:40.959637+00	Jenny	+919790259637	organizer	2	\N	sent	\N	2026-04-29 07:27:42.84+00	0	256	t	\N	\N	\N	\N
a6113749-1b12-45ff-ad33-9734d61edee8	1760ad65-52a2-4f54-98cc-9c0df824384d	Platinum	500	booked	Jamuna	2026-04-29 08:12:58.867112+00	Jenny	+919600116211	organizer	1	\N	sent	\N	2026-04-29 08:13:01.541+00	0	257	t	\N	\N	\N	\N
a14904e4-b79e-47f4-a8fd-737b3c552d61	1760ad65-52a2-4f54-98cc-9c0df824384d	Donor	1000	booked	Loganathan Kumarasamy	2026-04-29 09:02:14.970344+00	Jeba	+917401250786	trust	1	611996200564	sent	\N	2026-04-29 09:02:17.621+00	0	258	t	\N	\N	\N	\N
469f028f-2d91-4d20-9f01-0f2bce880919	1760ad65-52a2-4f54-98cc-9c0df824384d	Platinum	500	booked	Nalini	2026-04-30 15:46:36.54555+00	Yuva	+919884048310	organizer	4	\N	sent	\N	2026-04-30 15:46:37.277+00	0	300	t	\N	\N	\N	\N
e90ae0d0-4b00-4daa-ba22-8fdacb933d24	1760ad65-52a2-4f54-98cc-9c0df824384d	Platinum	500	checked_in	Teena	2026-04-29 14:31:45.966336+00	Yuva	+919710559269	organizer	3	\N	sent	\N	2026-04-29 14:31:48.038+00	3	277	t	\N	\N	\N	\N
af76fa7e-4b9f-4558-ac5f-1f19715213bc	1760ad65-52a2-4f54-98cc-9c0df824384d	Platinum	500	booked	Immanuel	2026-04-29 10:58:41.627685+00	Yuva	+916369983885	organizer	1	\N	sent	\N	2026-04-29 10:58:43.038+00	0	261	t	\N	\N	\N	\N
8bd6e910-0fa2-4031-9c00-25bd8f29d89c	1760ad65-52a2-4f54-98cc-9c0df824384d	Platinum	500	checked_in	Madhumitha	2026-04-29 10:26:27.512047+00	Ramya	+919840370609	organizer	4	\N	sent	\N	2026-04-29 10:26:29.705+00	4	260	t	\N	\N	\N	\N
cec443b2-ab37-4559-895b-5525114533b8	1760ad65-52a2-4f54-98cc-9c0df824384d	Platinum	500	booked	Daniel	2026-04-29 11:00:10.697881+00	Yuva	+919003068253	organizer	1	\N	sent	\N	2026-04-29 11:00:11.927+00	0	262	t	\N	\N	\N	\N
e0bcb2dc-775f-45ad-9cc5-eba59b11a34c	1760ad65-52a2-4f54-98cc-9c0df824384d	Platinum	500	checked_in	Maha Winfred	2026-04-30 12:51:18.709481+00	Jenny	+919840785916	organizer	1	\N	sent	\N	2026-04-30 12:51:21.181+00	1	293	t	\N	\N	\N	\N
54403579-efea-4e4a-908e-6923fc8afa92	1760ad65-52a2-4f54-98cc-9c0df824384d	Platinum	500	booked	Tharun	2026-04-29 13:01:23.991318+00	Yuva	+917010918591	organizer	10	\N	sent	\N	2026-04-29 13:01:25.544+00	7	266	t	\N	\N	\N	\N
e965a985-763e-466e-8464-a777deab9124	1760ad65-52a2-4f54-98cc-9c0df824384d	Platinum	500	booked	Meenakshi	2026-04-29 11:27:27.255959+00	Yuva	+919629149741	organizer	1	\N	sent	\N	2026-04-29 11:27:28.483+00	0	264	t	\N	\N	\N	\N
2705bd59-594c-4146-89f5-290b57ba7046	1760ad65-52a2-4f54-98cc-9c0df824384d	Donor	1000	booked	Henry 	2026-04-29 11:27:14.839062+00	Arun	+19842429202	trust	10	791773101667	sent	\N	2026-04-29 11:30:04.706+00	0	263	t	\N	\N	\N	\N
ab35e190-a81d-4a69-9a64-7e1807711789	1760ad65-52a2-4f54-98cc-9c0df824384d	Donor	1000	booked	SP Karthikeyan	2026-04-29 11:48:54.921462+00	Jenny	+14794024763	trust	10	611917081948	sent	\N	2026-04-29 11:48:56.551+00	0	265	t	\N	\N	\N	\N
704ec69f-57e7-4479-acc8-3966603c375f	1760ad65-52a2-4f54-98cc-9c0df824384d	Donor	1000	booked	Johnpaul	2026-04-29 13:18:55.384527+00	Jenny	+14089637648	organizer	3	\N	sent	\N	2026-04-29 13:18:56.972+00	0	267	t	\N	\N	\N	\N
1229c071-23ae-4fe4-b3cf-8fa022342d90	1760ad65-52a2-4f54-98cc-9c0df824384d	Donor	1000	booked	Deepa	2026-04-29 13:28:14.604401+00	Yuva	+919841002476	organizer	1	\N	sent	\N	2026-04-29 13:28:15.876+00	0	268	t	\N	\N	\N	\N
f9a08956-f0b0-45be-9dc5-de723337bc84	1760ad65-52a2-4f54-98cc-9c0df824384d	Platinum	500	booked	Kamakshi	2026-04-29 13:30:32.640753+00	Yuva	+919500056965	organizer	10	\N	sent	\N	2026-04-29 13:30:33.41+00	0	269	t	\N	\N	\N	\N
cdaa75c9-077d-4452-b499-bcdeaee66cff	1760ad65-52a2-4f54-98cc-9c0df824384d	Donor	1000	booked	Anitha	2026-04-29 13:39:08.307274+00	Yuva	+919840430304	organizer	1	\N	sent	\N	2026-04-29 13:39:09.608+00	0	270	t	\N	\N	\N	\N
5c7767f8-2c13-45e4-acfa-92d4599e9955	1760ad65-52a2-4f54-98cc-9c0df824384d	Donor	1000	booked	Kannan	2026-04-29 13:49:39.147576+00	Yuva	+919866008494	organizer	10	\N	sent	\N	2026-04-29 13:49:40.577+00	0	271	t	\N	\N	\N	\N
7ca028ff-985d-4a6f-b3eb-57a569da472e	1760ad65-52a2-4f54-98cc-9c0df824384d	Donor	1000	booked	Preetha	2026-04-29 13:50:50.093635+00	Yuva	+919841290354	organizer	1	\N	sent	\N	2026-04-29 13:50:51.566+00	0	272	t	\N	\N	\N	\N
2425f1f4-070c-4fbd-be33-ccc2e48e0599	1760ad65-52a2-4f54-98cc-9c0df824384d	Donor	1000	booked	Vidya	2026-04-29 14:04:37.041194+00	Yuva	+919841438207	organizer	1	\N	sent	\N	2026-04-29 14:04:38.541+00	0	273	t	\N	\N	\N	\N
9be9ac0b-87bf-426e-8b22-c500f8facaa9	1760ad65-52a2-4f54-98cc-9c0df824384d	Donor	1000	booked	Vijayalakshmi Naavarasu	2026-04-29 14:12:20.43548+00	Yuva	+919445242362	organizer	1	\N	sent	\N	2026-04-29 14:12:22.109+00	0	274	t	\N	\N	\N	\N
aae493c8-f7a3-424d-b2ed-7721ed56e0a8	1760ad65-52a2-4f54-98cc-9c0df824384d	Donor	1000	booked	Mythili	2026-04-29 14:14:32.955512+00	Yuva	+919600078274	organizer	1	\N	sent	\N	2026-04-29 14:14:34.423+00	0	275	t	\N	\N	\N	\N
68791c28-4190-49f8-9254-03062af67c40	1760ad65-52a2-4f54-98cc-9c0df824384d	Donor	1000	booked	Joshna	2026-04-29 14:29:52.167935+00	Yuva	+919962555290	organizer	1	\N	sent	\N	2026-04-29 14:29:53.866+00	0	276	t	\N	\N	\N	\N
fbe7c797-1c0d-4d03-a9cf-38abf7f1fc3f	1760ad65-52a2-4f54-98cc-9c0df824384d	Donor	1000	booked	Kannan	2026-04-29 14:40:26.51674+00	Yuva	+919866008494	organizer	5	\N	sent	\N	2026-04-29 14:40:28.581+00	0	278	t	\N	\N	\N	\N
6e41dfd8-4912-49dd-b177-50aa151116bd	1760ad65-52a2-4f54-98cc-9c0df824384d	Platinum	500	booked	SaiPavan	2026-04-29 14:51:03.095904+00	Jenny	+919700888710	organizer	2	\N	sent	\N	2026-04-29 14:51:05.815+00	0	279	t	\N	\N	\N	\N
cfd463a8-2895-4b11-9aca-bb646e968653	1760ad65-52a2-4f54-98cc-9c0df824384d	Donor	1000	booked	Shalini	2026-04-29 14:52:15.769791+00	Jenny	+919740714962	organizer	2	\N	sent	\N	2026-04-29 14:52:17.482+00	0	280	t	\N	\N	\N	\N
ba56df4d-1a52-4aed-b62a-37221205681b	1760ad65-52a2-4f54-98cc-9c0df824384d	Donor	1000	booked	Leena	2026-04-29 15:09:38.899826+00	Yuva	+919840719666	organizer	1	\N	sent	\N	2026-04-29 15:09:40.767+00	0	281	t	\N	\N	\N	\N
727147d0-7c2d-4379-be2a-beb56104cb04	1760ad65-52a2-4f54-98cc-9c0df824384d	Donor	1000	booked	Poornima	2026-04-30 02:34:19.030876+00	Jenny	+919884217066	organizer	1	\N	sent	\N	2026-04-30 02:34:21.142+00	0	282	t	\N	\N	\N	\N
180d6221-07c1-43e6-b93a-3a5766130e46	1760ad65-52a2-4f54-98cc-9c0df824384d	Donor	1000	booked	Cynthia	2026-04-30 05:30:53.883904+00	Roshini	+919789817916	organizer	1	\N	sent	\N	2026-04-30 05:30:56.347+00	0	283	t	\N	\N	\N	\N
561b68f1-01dc-4a66-806d-0fde50f6e723	1760ad65-52a2-4f54-98cc-9c0df824384d	Donor	1000	booked	Ashwini	2026-04-30 07:06:39.862513+00	Roshini	+919790941848	organizer	1	\N	sent	\N	2026-04-30 07:06:42.379+00	0	284	t	\N	\N	\N	\N
d490dde1-2165-47dc-8051-69627da8e283	1760ad65-52a2-4f54-98cc-9c0df824384d	Donor	1000	booked	Dhanush Raju 	2026-04-30 08:10:29.470436+00	Jessita	+919949155111	organizer	1	\N	sent	\N	2026-04-30 08:10:31.224+00	0	285	t	\N	\N	\N	\N
a47fafca-98bc-40f0-aa40-4fcff12485f6	1760ad65-52a2-4f54-98cc-9c0df824384d	Donor	1000	booked	Suresh	2026-04-30 09:08:41.474356+00	Yuva	+918072051038	organizer	1	\N	sent	\N	2026-04-30 09:08:43.091+00	0	286	t	\N	\N	\N	\N
af74c90f-48b3-40a3-aeb4-64c47a4990d7	1760ad65-52a2-4f54-98cc-9c0df824384d	Platinum	500	booked	Santhosh	2026-04-30 09:32:02.263509+00	Yuva	+919843911151	organizer	3	\N	sent	\N	2026-04-30 09:32:03.984+00	0	287	t	\N	\N	\N	\N
7c87d4f8-25df-4278-8961-8540ee7151d1	1760ad65-52a2-4f54-98cc-9c0df824384d	Platinum	500	booked	Kavitha	2026-04-30 10:20:07.672729+00	Ramya	+919940241131	organizer	2	\N	sent	\N	2026-04-30 10:20:09.356+00	0	289	t	\N	\N	\N	\N
f0f397a1-2811-4888-ba95-328971e64874	1760ad65-52a2-4f54-98cc-9c0df824384d	Platinum	500	booked	Revathi	2026-04-30 11:44:37.794272+00	Yuva	+919841221975	organizer	1	\N	sent	\N	2026-04-30 11:44:39.631+00	0	290	t	\N	\N	\N	\N
65c6f210-610c-42d7-840f-28fcdcbe44aa	1760ad65-52a2-4f54-98cc-9c0df824384d	Donor	1000	booked	Ram Bharathi 	2026-04-30 11:59:48.468848+00	Arun	+919894008251	trust	2	612054803228	sent	\N	2026-04-30 11:59:50.412+00	0	291	t	\N	\N	\N	\N
c7dc955a-0bd0-4096-be8f-3b3674a4cfd8	1760ad65-52a2-4f54-98cc-9c0df824384d	Donor	1000	booked	Steffi	2026-04-30 12:35:31.178874+00	Christy	+919655380779	organizer	1	\N	sent	\N	2026-04-30 12:35:32.898+00	0	292	t	\N	\N	\N	\N
eaaababa-0bde-47d5-aa85-e8a028851ade	1760ad65-52a2-4f54-98cc-9c0df824384d	Donor	1000	booked	Chitra	2026-04-30 12:55:24.572574+00	Yuva	+917397387383	organizer	1	\N	sent	\N	2026-04-30 12:55:25.983+00	0	294	t	\N	\N	\N	\N
3b068dd9-06a8-430f-88f7-809794ef5386	1760ad65-52a2-4f54-98cc-9c0df824384d	Donor	1000	booked	Deepak Ravi	2026-05-05 05:48:51.419395+00	Tanu	+919962349450	organizer	1	\N	sent	\N	2026-05-05 05:48:54.808+00	0	471	t	\N	\N	\N	\N
20888757-508f-4c01-9453-1297dced9287	1760ad65-52a2-4f54-98cc-9c0df824384d	Donor	1000	booked	Vanita	2026-04-30 14:14:49.245466+00	Yuva	+919585599872	organizer	1	\N	sent	\N	2026-04-30 14:14:50.273+00	0	296	t	\N	\N	\N	\N
12c3c297-0d6a-4159-8b4a-1990cfd24d6c	1760ad65-52a2-4f54-98cc-9c0df824384d	Donor	1000	booked	Banu	2026-04-30 15:09:07.258325+00	Jenny	+919789899757	organizer	1	\N	sent	\N	2026-04-30 15:09:09.909+00	0	297	t	\N	\N	\N	\N
df1ac879-681f-47fa-976f-b506ca37f95b	1760ad65-52a2-4f54-98cc-9c0df824384d	Donor	1000	booked	Roshna	2026-04-30 15:49:42.320209+00	Yuva	+919746203211	organizer	1	\N	sent	\N	2026-04-30 15:49:43.037+00	0	301	t	\N	\N	\N	\N
b052df7f-e60c-4a99-829b-30cfd0561fc5	1760ad65-52a2-4f54-98cc-9c0df824384d	Donor	1000	booked	Kannan	2026-04-30 15:17:41.814302+00	Yuva	+919866008494	organizer	2	\N	sent	\N	2026-04-30 15:17:43.352+00	0	298	t	\N	\N	\N	\N
5a3d4462-5f12-49c5-bc7b-fbb1fb8a4bb9	1760ad65-52a2-4f54-98cc-9c0df824384d	Platinum	500	checked_in	Raghu Rajadurai	2026-05-01 02:54:54.367679+00	Christy	+919994729745	organizer	2	\N	sent	\N	2026-05-01 02:54:56.386+00	2	311	t	\N	\N	\N	\N
2bb014d8-9cc7-49be-8ec0-a32b76ca8b9e	1760ad65-52a2-4f54-98cc-9c0df824384d	Platinum	500	booked	Kiran	2026-05-01 02:22:36.712515+00	Jenny	+918144055874	organizer	1	\N	sent	\N	2026-05-01 02:22:38.885+00	0	303	t	\N	\N	\N	\N
d176ea85-142c-43d3-bfcc-8391f80b1ca2	1760ad65-52a2-4f54-98cc-9c0df824384d	Platinum	500	checked_in	Sukanya	2026-05-01 11:03:48.025418+00	Yuva	+919677188331	organizer	2	\N	sent	\N	2026-05-01 11:03:50.012+00	2	318	t	\N	\N	\N	\N
cb58c44f-6f8b-469b-8f26-ff507237dc0f	1760ad65-52a2-4f54-98cc-9c0df824384d	Platinum	500	booked	Suganthan	2026-05-01 02:23:22.590093+00	Jenny	+919943089806	organizer	4	\N	sent	\N	2026-05-01 02:23:23.954+00	2	305	t	\N	\N	\N	\N
0ccee5b9-02f2-42b0-b96b-71cf10d29d30	1760ad65-52a2-4f54-98cc-9c0df824384d	Platinum	500	checked_in	Alli	2026-05-01 15:48:47.837294+00	Yuva	+919841811461	organizer	1	\N	sent	\N	2026-05-01 15:48:49.663+00	1	325	t	\N	\N	\N	\N
316f9b39-bac5-4bdf-b974-ff7953199562	1760ad65-52a2-4f54-98cc-9c0df824384d	Platinum	500	booked	Manoj	2026-05-01 02:23:40.596652+00	Jenny	+917868032677	organizer	2	\N	sent	\N	2026-05-01 02:23:41.805+00	0	306	t	\N	\N	\N	\N
76ce9d09-f34b-4541-a53a-5f6ff1194cfa	1760ad65-52a2-4f54-98cc-9c0df824384d	Platinum	500	checked_in	Manju	2026-05-01 15:49:23.953538+00	Yuva	+919941057525	organizer	1	\N	sent	\N	2026-05-01 15:49:24.95+00	1	326	t	\N	\N	\N	\N
9d3faf72-a2aa-40b8-bcc6-1ea6b4fe98ef	1760ad65-52a2-4f54-98cc-9c0df824384d	Platinum	500	booked	Jeeva	2026-05-01 02:24:07.277262+00	Jenny	+919080065945	organizer	1	\N	sent	\N	2026-05-01 02:24:08.571+00	0	307	t	\N	\N	\N	\N
fcf73044-d085-482d-a04d-1b141a6e6764	1760ad65-52a2-4f54-98cc-9c0df824384d	Platinum	500	checked_in	Krishna	2026-05-01 18:50:16.051428+00	Yuva	+919043620283	organizer	6	\N	sent	\N	2026-05-01 18:50:18.043+00	6	331	t	\N	\N	\N	\N
31075bd7-67a7-4db4-9b42-67090ec3553d	1760ad65-52a2-4f54-98cc-9c0df824384d	Platinum	500	booked	Charan	2026-05-01 02:24:26.281032+00	Jenny	+919629898668	organizer	1	\N	sent	\N	2026-05-01 02:24:27.448+00	0	308	t	\N	\N	\N	\N
462af561-d735-4a97-aac6-9a873520ff7b	1760ad65-52a2-4f54-98cc-9c0df824384d	Platinum	500	checked_in	Pradeep	2026-05-01 14:00:26.070272+00	Christy	+919790389298	organizer	10	\N	sent	\N	2026-05-01 14:00:27.81+00	10	324	t	\N	\N	\N	\N
bcf724a0-3769-446f-a3c9-2220054de55e	1760ad65-52a2-4f54-98cc-9c0df824384d	Platinum	500	booked	Thyagarajan	2026-05-01 02:24:53.541851+00	Jenny	+919443571947	organizer	2	\N	sent	\N	2026-05-01 02:24:54.98+00	0	309	t	\N	\N	\N	\N
74dcfdbb-bbd8-4746-ae56-27a2883af0c3	1760ad65-52a2-4f54-98cc-9c0df824384d	Platinum	500	checked_in	Gokul	2026-05-02 03:41:44.969605+00	Roshini	+919543264526	organizer	3	\N	sent	\N	2026-05-02 03:41:46.666+00	3	334	t	\N	\N	\N	\N
0b165120-2fdc-49f5-b899-0c3cc99f12f3	1760ad65-52a2-4f54-98cc-9c0df824384d	Platinum	500	booked	Ibri	2026-05-01 02:25:12.192556+00	Jenny	+919786347741	organizer	1	\N	sent	\N	2026-05-01 02:25:13.422+00	0	310	t	\N	\N	\N	\N
46367bbc-2ae3-4e07-bbb1-2e6973c391d1	1760ad65-52a2-4f54-98cc-9c0df824384d	Platinum	500	checked_in	Kamesh	2026-05-01 02:22:59.979644+00	Jenny	+919566635814	organizer	1	\N	sent	\N	2026-05-01 02:23:01.364+00	1	304	t	\N	\N	\N	\N
dbde1894-f261-46eb-867b-30f578e0d665	1760ad65-52a2-4f54-98cc-9c0df824384d	Donor	1000	booked	Indhu	2026-05-01 06:36:57.906992+00	Roshini	+919176725656	organizer	1	\N	sent	\N	2026-05-01 06:36:59.932+00	0	314	t	\N	\N	\N	\N
e8519cde-c4ce-46ac-9a70-0b3500d4c511	1760ad65-52a2-4f54-98cc-9c0df824384d	Donor	1000	booked	Mercy	2026-05-01 07:00:44.816326+00	Roshini	+919566272179	organizer	1	\N	sent	\N	2026-05-01 07:00:47.249+00	0	315	t	\N	\N	\N	\N
b0a93437-c189-481f-8fe1-f253812d89b7	1760ad65-52a2-4f54-98cc-9c0df824384d	Platinum	500	booked	Abirami	2026-05-01 07:29:33.876791+00	Yuva	+917418644650	organizer	2	\N	sent	\N	2026-05-01 07:29:35.788+00	0	316	t	\N	\N	\N	\N
712b5ca9-263b-42a2-976a-ac0c648890ac	1760ad65-52a2-4f54-98cc-9c0df824384d	Donor	1000	booked	Noorjahan	2026-05-01 08:28:24.023931+00	Jeba	+919497491186	organizer	1	\N	sent	\N	2026-05-01 08:28:25.877+00	0	317	t	\N	\N	\N	\N
cd6f657d-e2f3-4f92-a061-af3cd6625c81	1760ad65-52a2-4f54-98cc-9c0df824384d	Donor	1000	booked	Shriram	2026-05-01 11:38:22.317523+00	Roshini	+919962668554	organizer	2	\N	sent	\N	2026-05-01 11:38:23.922+00	0	319	t	\N	\N	\N	\N
4dcada24-be99-41b7-893d-be4337240975	1760ad65-52a2-4f54-98cc-9c0df824384d	Donor	1000	booked	Vijay	2026-05-01 13:28:51.941797+00	Roshini	+919600098206	organizer	1	\N	sent	\N	2026-05-01 13:28:53.997+00	0	320	t	\N	\N	\N	\N
32e1008f-3452-47d5-9ac1-5f87df910909	1760ad65-52a2-4f54-98cc-9c0df824384d	Donor	1000	booked	Sundarapandian	2026-05-01 13:30:02.987666+00	Roshini	+916382589850	organizer	1	\N	sent	\N	2026-05-01 13:30:04.499+00	0	321	t	\N	\N	\N	\N
f52e927e-b2f3-4983-94cd-c817e8a76869	1760ad65-52a2-4f54-98cc-9c0df824384d	Donor	1000	booked	Aditya	2026-05-01 13:31:41.581989+00	Roshini	+919970076263	organizer	1	\N	sent	\N	2026-05-01 13:31:42.691+00	0	322	t	\N	\N	\N	\N
38e1c3d1-feeb-43ca-aba1-0fbcc56111de	1760ad65-52a2-4f54-98cc-9c0df824384d	Donor	1000	booked	Yuvaraj	2026-05-01 13:35:31.65893+00	Roshini	+917401377213	organizer	1	\N	sent	\N	2026-05-01 13:35:32.797+00	0	323	t	\N	\N	\N	\N
0ebeb4f0-7341-43bb-9ff3-0a388b6d706c	1760ad65-52a2-4f54-98cc-9c0df824384d	Donor	1000	booked	Jayeeta dutta	2026-05-01 15:57:00.273308+00	Vinyas	+914474362029	organizer	1	\N	sent	\N	2026-05-01 15:57:02.008+00	0	327	t	\N	\N	\N	\N
fcd96106-8502-4b7b-b99e-1be1958679e2	1760ad65-52a2-4f54-98cc-9c0df824384d	Donor	1000	booked	Manoj	2026-05-01 15:57:43.447836+00	Vinyas	+914474362029	organizer	2	\N	sent	\N	2026-05-01 15:57:44.416+00	0	328	t	\N	\N	\N	\N
ceeb4fee-da73-450b-ad65-88ff25d87d79	1760ad65-52a2-4f54-98cc-9c0df824384d	Donor	1000	booked	Raja	2026-05-01 16:43:43.508709+00	Roshini	+919600048408	organizer	1	\N	sent	\N	2026-05-01 16:43:45.371+00	0	329	t	\N	\N	\N	\N
0e004f73-72c4-4e00-9b72-2d0085476844	1760ad65-52a2-4f54-98cc-9c0df824384d	Donor	1000	booked	Muthu	2026-05-01 16:44:04.188645+00	Roshini	+919940054607	organizer	1	\N	sent	\N	2026-05-01 16:44:05.045+00	0	330	t	\N	\N	\N	\N
5d652f00-5248-47d4-a12c-fc6531dbb73d	1760ad65-52a2-4f54-98cc-9c0df824384d	Donor	1000	booked	Raj Pillay	2026-05-01 19:04:03.187085+00	Christy	+918208815422	organizer	1	\N	sent	\N	2026-05-01 19:04:05+00	0	332	t	\N	\N	\N	\N
6ff16c24-0688-441e-815d-558a7d4ddb75	1760ad65-52a2-4f54-98cc-9c0df824384d	Donor	1000	booked	Meliston	2026-05-02 03:41:05.469086+00	Roshini	+919087221024	organizer	1	\N	sent	\N	2026-05-02 03:41:08.112+00	0	333	t	\N	\N	\N	\N
ec406bb4-c385-488d-92ec-c76fbcd18113	1760ad65-52a2-4f54-98cc-9c0df824384d	Donor	1000	booked	Azgar	2026-05-02 04:54:04.617033+00	Roshini	+919443383743	organizer	1	\N	sent	\N	2026-05-02 04:54:06.328+00	0	336	t	\N	\N	\N	\N
ab9245ae-23c0-431a-a9e5-704a2ca07784	1760ad65-52a2-4f54-98cc-9c0df824384d	Donor	1000	booked	Nilanjana	2026-05-03 01:33:10.454512+00	Arun	+919874170991	trust	1	122457712343	sent	\N	2026-05-07 18:19:25.931+00	0	362	t	\N	\N	\N	\N
d0aab7de-2941-43d4-a658-c3e103b141a3	1760ad65-52a2-4f54-98cc-9c0df824384d	Platinum	500	checked_in	Surendher babu	2026-05-02 14:09:39.804281+00	Preetha	+918754408023	organizer	3	\N	sent	\N	2026-05-02 14:09:41.041+00	3	350	t	\N	\N	\N	\N
84aac15d-f8c3-448c-bc0d-5a6580c44d5c	1760ad65-52a2-4f54-98cc-9c0df824384d	Platinum	500	checked_in	Mr.Vasantharaj	2026-05-02 19:17:39.163642+00	Babitha	+917530014497	organizer	1	\N	sent	\N	2026-05-09 11:09:22.178+00	1	357	t	\N	\N	\N	\N
f10f5256-5383-41da-8847-1a578aa81352	1760ad65-52a2-4f54-98cc-9c0df824384d	Donor	1000	booked	Anitha	2026-05-02 05:38:07.344877+00	Roshini	+919840490474	organizer	1	\N	sent	\N	2026-05-02 05:38:08.093+00	0	339	t	\N	\N	\N	\N
4d140079-a272-496b-8e15-2b9da9696394	1760ad65-52a2-4f54-98cc-9c0df824384d	Platinum	500	checked_in	Anitha	2026-05-02 05:37:51.178601+00	Roshini	+919840490474	organizer	1	\N	sent	\N	2026-05-02 05:37:52.941+00	1	338	t	\N	\N	\N	\N
b305d233-4db5-4368-afd6-8992c0749c5f	1760ad65-52a2-4f54-98cc-9c0df824384d	Donor	1000	booked	Aarush 	2026-05-02 05:57:31.256436+00	Someesh	+919500032692	organizer	1	\N	sent	\N	2026-05-02 05:57:32.987+00	0	340	t	\N	\N	\N	\N
1a600c1c-9828-4a81-90d5-4f81255ab810	1760ad65-52a2-4f54-98cc-9c0df824384d	Platinum	500	checked_in	Kishore	2026-05-02 15:31:27.685439+00	Yuva	+917358566805	organizer	3	\N	sent	\N	2026-05-02 15:31:29.223+00	3	354	t	\N	\N	\N	\N
4946383a-b8f5-4582-8ad7-dc546a3646bc	1760ad65-52a2-4f54-98cc-9c0df824384d	Donor	1000	booked	Renu	2026-05-02 06:45:21.388562+00	Roshini	+918220753079	organizer	1	\N	sent	\N	2026-05-02 06:45:23.129+00	0	341	t	\N	\N	\N	\N
2e0cbd42-558c-42d3-9271-59fcc5de7cf8	1760ad65-52a2-4f54-98cc-9c0df824384d	Platinum	500	checked_in	Loganathan	2026-05-02 13:58:42.042371+00	Someesh	+919791960808	organizer	1	\N	sent	\N	2026-05-02 13:58:43.338+00	1	349	t	\N	\N	\N	\N
aaff7773-eda1-45d4-887c-85f136e1df54	1760ad65-52a2-4f54-98cc-9c0df824384d	Platinum	500	booked	Lakshmi Narayanan	2026-05-02 08:09:18.804138+00	Yuva	+919677031193	organizer	1	\N	sent	\N	2026-05-02 08:09:20.388+00	0	342	t	\N	\N	\N	\N
a1f530fb-b1bc-46e3-9ced-3622e28e1cfc	1760ad65-52a2-4f54-98cc-9c0df824384d	Platinum	500	checked_in	Muthamizhselvi	2026-05-03 02:22:37.092463+00	Arun	+919786264391	trust	1	109719706435	sent	\N	2026-05-03 02:22:38.383+00	1	368	t	\N	\N	\N	\N
ca6de791-ff35-4d73-9041-5bd95fed0fba	1760ad65-52a2-4f54-98cc-9c0df824384d	Platinum	500	booked	Someshwar	2026-05-02 08:09:56.163522+00	Yuva	+919080327192	organizer	2	\N	sent	\N	2026-05-02 08:09:56.684+00	0	343	t	\N	\N	\N	\N
eb7f7832-f0a9-44b1-a126-206fd583473c	1760ad65-52a2-4f54-98cc-9c0df824384d	Platinum	500	checked_in	Nithish	2026-05-02 05:22:11.114515+00	Roshini	+919994342325	organizer	2	\N	sent	\N	2026-05-02 05:22:12.666+00	2	337	t	\N	\N	\N	\N
7ef95c9a-dbf4-4478-b350-122f34895bba	1760ad65-52a2-4f54-98cc-9c0df824384d	Platinum	500	booked	Renu sri	2026-05-02 09:00:38.828769+00	Yuva	+919962064374	organizer	2	\N	sent	\N	2026-05-02 09:00:40.319+00	0	344	t	\N	\N	\N	\N
727cbb45-97e7-485a-ada8-a992bf2a4738	1760ad65-52a2-4f54-98cc-9c0df824384d	Platinum	500	checked_in	Durga	2026-05-02 16:27:16.5537+00	Roshini	+919840903757	organizer	2	\N	sent	\N	2026-05-02 16:27:18.698+00	2	355	t	\N	\N	\N	\N
17506271-5512-41d1-bb58-dbd90bc5339b	1760ad65-52a2-4f54-98cc-9c0df824384d	Platinum	500	booked	GovindaRajan	2026-05-02 09:06:04.936575+00	Yuva	+918122050000	organizer	1	\N	sent	\N	2026-05-02 09:06:05.63+00	0	345	t	\N	\N	\N	\N
a8e32f30-0338-494b-a8bd-cf9197cde178	1760ad65-52a2-4f54-98cc-9c0df824384d	Platinum	500	booked	Boopathy 	2026-05-07 19:00:47.547268+00	Arun	+917845062625	trust	10	612515048249	sent	\N	2026-05-07 19:00:49.477+00	9	626	t	\N	\N	\N	\N
0d4b3153-6cd9-4a96-ad95-0ef15a1a343c	1760ad65-52a2-4f54-98cc-9c0df824384d	Platinum	500	booked	Esakki	2026-05-02 09:35:56.906224+00	Yuva	+919003331416	organizer	1	\N	sent	\N	2026-05-02 09:35:58.263+00	0	346	t	\N	\N	\N	\N
3a9af171-75fe-468c-9547-cfb93fac1411	1760ad65-52a2-4f54-98cc-9c0df824384d	Platinum	500	checked_in	Mathivanan	2026-05-03 02:06:51.918685+00	Arun	+919442235631	organizer	3	\N	sent	\N	2026-05-03 02:06:52.732+00	3	367	t	\N	\N	\N	\N
c635a657-7811-42c6-9560-7e04c4a4a090	1760ad65-52a2-4f54-98cc-9c0df824384d	Platinum	500	checked_in	Shennick kumar S	2026-05-04 18:11:47.841701+00	Preetha	+916383153711	trust	3	T2605042248533321581810	sent	\N	2026-05-04 18:11:48.391+00	3	467	t	\N	\N	\N	\N
78e09ab0-da60-492c-8ccd-39e0b6c213eb	1760ad65-52a2-4f54-98cc-9c0df824384d	Donor	1000	booked	Ayesha 	2026-05-02 13:47:24.815074+00	Ramya	+919840594198	organizer	1	\N	sent	\N	2026-05-02 13:47:26.202+00	0	348	t	\N	\N	\N	\N
3ed7e911-46b0-4af0-8149-510a7ef0101c	1760ad65-52a2-4f54-98cc-9c0df824384d	Donor	1000	booked	Sindu	2026-05-02 14:25:36.260396+00	Someesh	+919710402155	organizer	1	\N	sent	\N	2026-05-02 14:25:37.842+00	0	351	t	\N	\N	\N	\N
7270c1da-6820-4b3e-b4b2-368191a17aa6	1760ad65-52a2-4f54-98cc-9c0df824384d	Donor	1000	booked	Krishnapriya 	2026-05-02 14:30:31.429332+00	Someesh	+918122660866	organizer	1	\N	sent	\N	2026-05-02 14:30:32.25+00	0	352	t	\N	\N	\N	\N
73b3860b-45af-4cb1-aaf3-bce19684acc2	1760ad65-52a2-4f54-98cc-9c0df824384d	Platinum	500	booked	Sindhuja	2026-05-02 14:53:59.915526+00	Ramya	+919894809626	organizer	2	\N	sent	\N	2026-05-02 14:54:01.794+00	0	353	t	\N	\N	\N	\N
966f9df6-9fd0-44ed-90a5-9b87994a0845	1760ad65-52a2-4f54-98cc-9c0df824384d	Donor	1000	booked	Vyshnavi	2026-05-02 17:43:25.631852+00	Yuva	+918553779885	organizer	1	\N	sent	\N	2026-05-02 17:43:27.177+00	0	356	t	\N	\N	\N	\N
01f71760-82d3-462f-9dc6-c562fc2cc509	1760ad65-52a2-4f54-98cc-9c0df824384d	Donor	1000	booked	Mr Vishwanathan 	2026-05-03 01:25:45.959989+00	Arun	+919840025964	trust	10	612107282116	sent	\N	2026-05-03 01:25:47.53+00	0	358	t	\N	\N	\N	\N
b43e0673-f2c9-4213-8468-31c49cb591de	1760ad65-52a2-4f54-98cc-9c0df824384d	Donor	1000	booked	Cliff	2026-05-03 01:28:30.772879+00	Arun	+918220812243	organizer	1	\N	sent	\N	2026-05-03 01:28:31.58+00	0	359	t	\N	\N	\N	\N
1729c8d0-798c-4b6e-bc1e-c9bc22e4d665	1760ad65-52a2-4f54-98cc-9c0df824384d	Donor	1000	booked	Dilip	2026-05-03 01:28:55.788999+00	Arun	+918197035340	organizer	1	\N	sent	\N	2026-05-03 01:28:56.525+00	0	360	t	\N	\N	\N	\N
4aa0356f-6461-4f23-aa45-cf54644a9cee	1760ad65-52a2-4f54-98cc-9c0df824384d	Donor	1000	booked	Dhamodharan 	2026-05-03 01:29:36.071738+00	Arun	+918883925006	organizer	1	\N	sent	\N	2026-05-03 01:29:36.71+00	0	361	t	\N	\N	\N	\N
80f6760b-7612-4dc4-89b5-7b322ad167a7	1760ad65-52a2-4f54-98cc-9c0df824384d	Platinum	500	booked	Valavan 	2026-05-03 02:03:45.404296+00	Arun	+919444315809	organizer	4	\N	sent	\N	2026-05-03 02:03:46.999+00	0	364	t	\N	\N	\N	\N
c85f9933-f993-4797-b395-3e130047348e	1760ad65-52a2-4f54-98cc-9c0df824384d	Platinum	500	booked	Sandiya	2026-05-03 02:04:33.165906+00	Arun	+919940510289	organizer	5	\N	sent	\N	2026-05-03 02:04:34.077+00	0	365	t	\N	\N	\N	\N
13a493a2-8ad1-4212-be01-7c12ab5a42d9	1760ad65-52a2-4f54-98cc-9c0df824384d	Platinum	500	booked	Thilaga	2026-05-03 02:05:27.460576+00	Arun	+917904770089	organizer	3	\N	sent	\N	2026-05-03 02:05:28.247+00	0	366	t	\N	\N	\N	\N
cd83c94e-f074-46a3-9453-2c245878fc76	1760ad65-52a2-4f54-98cc-9c0df824384d	Donor	1000	booked	Vinodhini 	2026-05-03 02:26:53.702517+00	Arun	+918939431069	organizer	3	\N	sent	\N	2026-05-03 02:26:54.579+00	0	369	t	\N	\N	\N	\N
f5ecc79e-1b5d-4016-987a-7318227d0905	1760ad65-52a2-4f54-98cc-9c0df824384d	Donor	1000	booked	Ishwarya N	2026-05-03 02:28:32.987839+00	Arun	+919986732178	organizer	2	\N	sent	\N	2026-05-03 02:28:33.847+00	0	370	t	\N	\N	\N	\N
fc8fd59d-0a6f-44a4-9d8f-3d7c9853c66a	1760ad65-52a2-4f54-98cc-9c0df824384d	Donor	1000	booked	Joyce 	2026-05-03 02:31:04.072034+00	Arun	+912107764955	trust	10	59510106	sent	\N	2026-05-03 02:31:04.99+00	0	372	t	\N	\N	\N	\N
e3bf9568-c270-4d96-8ec5-0af30b2183f8	1760ad65-52a2-4f54-98cc-9c0df824384d	Donor	1000	booked	Monisha Blessy 	2026-05-07 19:16:36.490979+00	Arun	+917904698344	trust	5	612788896929	sent	\N	2026-05-07 19:16:37.793+00	0	630	t	\N	\N	\N	\N
c6cef7af-0498-43a1-ae32-ebc27a5e2397	1760ad65-52a2-4f54-98cc-9c0df824384d	Donor	1000	booked	Snehal	2026-05-03 02:35:46.769478+00	Arun	+917304307345	trust	1	122115150402	sent	\N	2026-05-03 02:35:47.725+00	0	373	t	\N	\N	\N	\N
2376ee47-7b77-47cb-b292-825628ba9350	1760ad65-52a2-4f54-98cc-9c0df824384d	Platinum	500	checked_in	Koshy Elias 	2026-05-04 13:39:48.043971+00	Jessita	+919840175066	organizer	2	\N	sent	\N	2026-05-04 13:39:51.012+00	2	408	t	\N	\N	\N	\N
ca3d4394-61bb-4b19-a767-3c2fc4bc4e4e	1760ad65-52a2-4f54-98cc-9c0df824384d	Donor	1000	booked	Dhinesh 	2026-05-03 02:37:36.800815+00	Arun	+919444676962	trust	5	611418610164	sent	\N	2026-05-03 02:37:37.597+00	0	374	t	\N	\N	\N	\N
5e692ae9-9402-4c8f-aa37-c838375781e0	1760ad65-52a2-4f54-98cc-9c0df824384d	Platinum	500	checked_in	Kumaran 	2026-05-05 07:10:14.703701+00	Arun	+917338788998	trust	1	109747535500	sent	\N	2026-05-05 07:10:16.421+00	1	472	t	\N	\N	\N	\N
c318fdd0-7449-4178-ae0c-5dc1087a4c6b	1760ad65-52a2-4f54-98cc-9c0df824384d	Donor	1000	booked	Vaishnavi 	2026-05-03 02:38:59.32746+00	Arun	+919176631480	trust	1	611298651209	sent	\N	2026-05-03 02:39:00.135+00	0	375	t	\N	\N	\N	\N
2a23339a-f14a-4c43-89c5-a89501772afe	1760ad65-52a2-4f54-98cc-9c0df824384d	Platinum	500	checked_in	Lokesh	2026-05-03 04:14:45.874315+00	Preetha	+917904880759	organizer	3	\N	sent	\N	2026-05-03 04:14:46.954+00	3	383	t	\N	\N	\N	\N
85cd538e-e5c4-47ce-8784-35d7e1e085a8	1760ad65-52a2-4f54-98cc-9c0df824384d	Donor	1000	booked	Ramya 	2026-05-03 02:39:53.435115+00	Arun	+919994205510	trust	1	122190683341	sent	\N	2026-05-03 02:39:54.201+00	0	376	t	\N	\N	\N	\N
fb823e73-d4cf-4106-92de-f348d9210fa7	1760ad65-52a2-4f54-98cc-9c0df824384d	Platinum	500	checked_in	Jayabharathi	2026-05-04 18:03:05.692843+00	Afrin	+918270969567	organizer	1	\N	sent	\N	2026-05-04 18:03:07.12+00	1	419	t	\N	\N	\N	\N
b942d22a-ad03-483e-954e-41911e77a70d	1760ad65-52a2-4f54-98cc-9c0df824384d	Donor	1000	booked	Srividhya	2026-05-03 02:41:07.166188+00	Arun	+919751335891	trust	1	648847628832	sent	\N	2026-05-03 02:41:07.933+00	0	377	t	\N	\N	\N	\N
af9512c0-42af-4380-8c0e-bee064e7e62d	1760ad65-52a2-4f54-98cc-9c0df824384d	Platinum	500	checked_in	Kavinesh	2026-05-03 06:29:00.544413+00	Ramya	+919600051465	organizer	2	\N	sent	\N	2026-05-03 06:29:03.03+00	2	386	t	\N	\N	\N	\N
f96c4b0e-25ce-439b-b5a7-04155f430fab	1760ad65-52a2-4f54-98cc-9c0df824384d	Donor	1000	booked	Gurkirat Singh Bedi 	2026-05-03 02:43:01.98403+00	Arun	+918076248166	trust	1	109661518726	sent	\N	2026-05-03 02:43:02.725+00	0	378	t	\N	\N	\N	\N
6b9c49d9-baf8-4963-8f96-ce7ad0246dfb	1760ad65-52a2-4f54-98cc-9c0df824384d	Platinum	500	checked_in	Vani	2026-05-03 17:53:53.084604+00	Roshini	+919003990600	organizer	2	\N	sent	\N	2026-05-03 17:53:54.649+00	2	402	t	\N	\N	\N	\N
f9144563-27fd-4703-b0f7-164b538553d7	1760ad65-52a2-4f54-98cc-9c0df824384d	Donor	1000	booked	Poongodi	2026-05-03 02:44:13.488857+00	Arun	+919884196032	trust	1	109659427961	sent	\N	2026-05-03 02:44:14.402+00	0	379	t	\N	\N	\N	\N
1ff8cac7-616d-4cfa-aa93-ca1f2c45a5f4	1760ad65-52a2-4f54-98cc-9c0df824384d	Platinum	500	checked_in	Muthamizhselvi	2026-05-03 02:49:08.854884+00	Arun	+919786264391	trust	1	109719706435	sent	\N	2026-05-03 02:49:09.63+00	1	381	t	\N	\N	\N	\N
3c87753a-7b2a-4e00-90a5-6c5e1148d75d	1760ad65-52a2-4f54-98cc-9c0df824384d	Platinum	500	checked_in	Manikandan C	2026-05-04 18:03:05.46886+00	Afrin	+917871433847	organizer	2	\N	sent	\N	2026-05-04 18:03:06.976+00	2	417	t	\N	\N	\N	\N
d10510ec-2cc0-4157-bdb2-a1ce0c2efd65	1760ad65-52a2-4f54-98cc-9c0df824384d	Platinum	500	checked_in	Vasantha kumar	2026-05-04 18:03:05.059953+00	Afrin	+917401134938	organizer	3	\N	sent	\N	2026-05-04 18:03:06.653+00	3	414	t	\N	\N	\N	\N
f1b32294-62af-4b79-abe6-ed5824882ae8	1760ad65-52a2-4f54-98cc-9c0df824384d	Platinum	500	checked_in	Sarvesh	2026-05-04 16:23:13.743077+00	Vishwa	+919884181110	trust	2	654919150684	sent	\N	2026-05-04 16:23:15.412+00	2	412	t	\N	\N	\N	\N
e82b9ec1-4d08-4988-a548-f23967bd5583	1760ad65-52a2-4f54-98cc-9c0df824384d	Donor	1000	booked	Vimala	2026-05-03 04:01:15.85494+00	Jenny	+919791735508	organizer	2	\N	sent	\N	2026-05-03 04:01:17.422+00	0	382	t	\N	\N	\N	\N
31d86fcc-fb0d-460f-ab3f-6dc24eef81e9	1760ad65-52a2-4f54-98cc-9c0df824384d	Platinum	500	checked_in	Anushya	2026-05-04 18:03:05.357606+00	Afrin	+916374372595	organizer	1	\N	sent	\N	2026-05-04 18:03:07.269+00	1	416	t	\N	\N	\N	\N
5d8c1dab-047e-45b8-b2cb-22c28fb09145	1760ad65-52a2-4f54-98cc-9c0df824384d	Donor	1000	booked	Jenifer Antony	2026-05-03 04:16:22.72837+00	Preetha	+919677120339	organizer	1	\N	sent	\N	2026-05-03 04:16:25.065+00	0	384	t	\N	\N	\N	\N
248be4cf-6306-4ac4-95c2-a24212e59360	1760ad65-52a2-4f54-98cc-9c0df824384d	Donor	1000	booked	Kanimozhi	2026-05-03 04:17:38.064523+00	Christy	+919600110819	organizer	2	\N	sent	\N	2026-05-03 04:17:39.744+00	0	385	t	\N	\N	\N	\N
a098338c-cab8-4059-9d81-605ab7a0e2bd	1760ad65-52a2-4f54-98cc-9c0df824384d	Donor	1000	booked	Janani	2026-05-03 15:11:45.1681+00	Vinyas	+919894942241	organizer	2	\N	sent	\N	2026-05-03 15:11:46.137+00	0	399	t	\N	\N	\N	\N
8f915133-b92b-4c29-896a-1c56b9449deb	1760ad65-52a2-4f54-98cc-9c0df824384d	Platinum	500	booked	Kiran	2026-05-03 17:14:28.505484+00	Someesh	+919962086582	organizer	2	\N	sent	\N	2026-05-03 17:14:30.162+00	0	401	t	\N	\N	\N	\N
1055b0bc-d70c-4d23-978f-7333b130091e	1760ad65-52a2-4f54-98cc-9c0df824384d	Donor	1000	booked	Keerthana	2026-05-03 18:19:44.205173+00	Jeba	+919840597491	organizer	1	\N	sent	\N	2026-05-03 18:19:45.526+00	0	403	t	\N	\N	\N	\N
cd44649f-7060-4c19-a2ac-604855395aab	1760ad65-52a2-4f54-98cc-9c0df824384d	Donor	1000	booked	Sathish	2026-05-03 18:20:45.113755+00	Jeba	+919597978375	organizer	1	\N	sent	\N	2026-05-03 18:20:46.044+00	0	404	t	\N	\N	\N	\N
8376aef4-9133-46be-88ef-0eb0abbf1130	1760ad65-52a2-4f54-98cc-9c0df824384d	Platinum	500	booked	Mobin	2026-05-03 18:27:40.770638+00	Jeba	+919786817426	trust	1	612347420844	sent	\N	2026-05-03 18:27:42.193+00	0	405	t	\N	\N	\N	\N
eebba536-5b4e-4ce0-935a-b2558d41a3b4	1760ad65-52a2-4f54-98cc-9c0df824384d	Donor	1000	booked	Sanjana	2026-05-04 10:18:08.091304+00	Roshini	+919600508442	organizer	1	\N	sent	\N	2026-05-04 10:18:10.336+00	0	406	t	\N	\N	\N	\N
211027d1-ec84-4825-8d8a-414522447319	1760ad65-52a2-4f54-98cc-9c0df824384d	Donor	1000	booked	Dinesh	2026-05-04 11:58:32.440336+00	Yuva	+918124333123	organizer	4	\N	sent	\N	2026-05-04 11:58:34.763+00	0	407	t	\N	\N	\N	\N
768d4fc9-ce43-42a0-9f07-7ee97e8fff5d	1760ad65-52a2-4f54-98cc-9c0df824384d	Platinum	500	booked	Deepa	2026-05-04 15:10:44.330224+00	Ramya	+918056191191	organizer	2	\N	sent	\N	2026-05-04 15:10:46.821+00	0	409	t	\N	\N	\N	\N
a41dc76b-3bc6-4689-ae92-98c3bb0a627d	1760ad65-52a2-4f54-98cc-9c0df824384d	Donor	1000	booked	Sowmyasree 	2026-05-04 15:18:37.515854+00	Arun	+919884276623	trust	1	612411113857	sent	\N	2026-05-04 15:18:39.372+00	0	410	t	\N	\N	\N	\N
c9c46a3d-8399-4473-ac79-166be0a13672	1760ad65-52a2-4f54-98cc-9c0df824384d	Donor	1000	booked	Hyder 	2026-05-04 15:20:01.876139+00	Arun	+919994106991	organizer	3	\N	sent	\N	2026-05-04 15:20:02.54+00	0	411	t	\N	\N	\N	\N
841681c2-24f6-44b5-98b3-cc83c7e71b85	1760ad65-52a2-4f54-98cc-9c0df824384d	Donor	1000	booked	Arjun	2026-05-04 17:41:26.765157+00	Vinyas	+917708907955	organizer	2	\N	sent	\N	2026-05-04 17:41:28.735+00	0	413	t	\N	\N	\N	\N
7f4a4be9-ae98-47ca-a5cd-d8cdae208df2	1760ad65-52a2-4f54-98cc-9c0df824384d	Donor	1000	booked	Devipriya	2026-05-05 11:20:49.193887+00	Yuva	+919524122299	organizer	1	\N	sent	\N	2026-05-05 11:20:51.264+00	0	476	t	\N	\N	\N	\N
ac56bfd1-999a-4fb2-960f-cb1f485e6c0d	1760ad65-52a2-4f54-98cc-9c0df824384d	Platinum	500	booked	Deepti	2026-05-04 18:03:06.724642+00	Afrin	+918056178811	organizer	2	\N	sent	\N	2026-05-04 18:03:07.275+00	1	428	t	\N	\N	\N	\N
7be3629d-3a02-4a97-adcc-3307e40fa573	1760ad65-52a2-4f54-98cc-9c0df824384d	Donor	1000	booked	Deepak	2026-05-05 13:26:03.713851+00	Ramya	+1 (647) 510-6571	organizer	4	\N	sent	\N	2026-05-05 13:27:00.464+00	0	479	t	\N	\N	\N	\N
281a9c64-26c9-4292-87f5-ece674c153da	1760ad65-52a2-4f54-98cc-9c0df824384d	Platinum	500	booked	Sarah	2026-05-04 18:03:07.392904+00	Afrin	+919940214656	organizer	2	\N	sent	\N	2026-05-04 18:03:07.932+00	0	433	t	\N	\N	\N	\N
c6ce56a9-22f5-4ea5-bebc-effa3220fede	1760ad65-52a2-4f54-98cc-9c0df824384d	Platinum	500	booked	Nithin Naveen	2026-05-04 18:03:07.492245+00	Afrin	+919003286126	organizer	1	\N	sent	\N	2026-05-04 18:03:07.992+00	0	434	t	\N	\N	\N	\N
9a58ccbe-fd5e-444d-982e-90f0e096487b	1760ad65-52a2-4f54-98cc-9c0df824384d	Donor	1000	booked	Stalin Michael	2026-05-05 14:35:18.074407+00	Vishwa	+919860299149	trust	1	612522008961	sent	\N	2026-05-05 14:35:18.412+00	0	482	t	\N	\N	\N	\N
278a1272-e437-4f16-9684-28738e15bd54	1760ad65-52a2-4f54-98cc-9c0df824384d	Donor	1000	booked	Sophia Pillai	2026-05-05 14:46:05.971393+00	Vishwa	+919884465080	organizer	10	\N	sent	\N	2026-05-05 14:46:06.565+00	0	485	t	\N	\N	\N	\N
06f09b21-2dbd-4030-b781-47b2c27cd913	1760ad65-52a2-4f54-98cc-9c0df824384d	Donor	1000	booked	Krithika	2026-05-05 17:59:45.854206+00	Christy	+918344682422	organizer	1	\N	sent	\N	2026-05-05 17:59:47.994+00	0	491	t	\N	\N	\N	\N
b3674414-9fac-445f-97c4-358d48e8ecc2	1760ad65-52a2-4f54-98cc-9c0df824384d	Platinum	500	checked_in	Varshitha	2026-05-04 18:03:08.918609+00	Afrin	+919003245652	organizer	1	\N	sent	\N	2026-05-04 18:03:09.49+00	1	450	t	\N	\N	\N	\N
e10cf60f-7c86-4a3c-9536-7dafba050310	1760ad65-52a2-4f54-98cc-9c0df824384d	Platinum	500	checked_in	Kushwanth Hayan	2026-05-04 18:03:06.508758+00	Afrin	+918144414400	organizer	2	\N	sent	\N	2026-05-04 18:03:07.125+00	2	426	t	\N	\N	\N	\N
74f22206-a605-4eaf-b4e1-b163fa23dfb5	1760ad65-52a2-4f54-98cc-9c0df824384d	Platinum	500	booked	Geetha	2026-05-05 18:07:00.815874+00	Christy	+918682865644	organizer	1	\N	sent	\N	2026-05-05 18:07:01.951+00	0	495	t	\N	\N	\N	\N
7b2592af-0faa-42c5-b7f8-b13e5e5dd62b	1760ad65-52a2-4f54-98cc-9c0df824384d	Platinum	500	checked_in	THAMIRA	2026-05-04 18:03:08.481712+00	Afrin	+919840907094	organizer	2	\N	sent	\N	2026-05-04 18:03:09.112+00	2	445	t	\N	\N	\N	\N
42ab89fa-7c0c-4a2a-85b4-a8b9986d88c0	1760ad65-52a2-4f54-98cc-9c0df824384d	Platinum	500	checked_in	Pragnay	2026-05-04 18:03:06.04419+00	Afrin	+918220363849	organizer	2	\N	sent	\N	2026-05-04 18:03:07.294+00	2	422	t	\N	\N	\N	\N
28411dbb-001b-48c9-b9d9-cc7bfede408b	1760ad65-52a2-4f54-98cc-9c0df824384d	Platinum	500	checked_in	Prisha	2026-05-04 18:03:08.648697+00	Afrin	+919790411190	organizer	3	\N	sent	\N	2026-05-04 18:03:09.126+00	3	447	t	\N	\N	\N	\N
b13f3f2e-fb4d-438c-b67e-2331481563ee	1760ad65-52a2-4f54-98cc-9c0df824384d	Platinum	500	checked_in	Samitha	2026-05-04 18:03:08.809222+00	Afrin	+919962426592	organizer	3	\N	sent	\N	2026-05-04 18:03:09.328+00	3	449	t	\N	\N	\N	\N
bbe61a85-e313-4561-b2e4-78de2b4b4f6f	1760ad65-52a2-4f54-98cc-9c0df824384d	Platinum	500	checked_in	Kanishka	2026-05-04 18:03:05.805038+00	Afrin	+919790749771	organizer	4	\N	sent	\N	2026-05-04 18:03:07.019+00	4	420	t	\N	\N	\N	\N
c8248864-80c7-4bc2-9af5-639db240ae4e	1760ad65-52a2-4f54-98cc-9c0df824384d	Donor	1000	booked	Naveen Ruban 	2026-05-06 01:01:31.864456+00	Arun	+919900090606	trust	3	612657822483	sent	\N	2026-05-06 01:01:33.495+00	0	499	t	\N	\N	\N	\N
13c98471-f9b9-41e8-8e4a-5fdbc5a13560	1760ad65-52a2-4f54-98cc-9c0df824384d	Platinum	500	checked_in	Rithwik MR	2026-05-04 18:03:06.288651+00	Afrin	+917674005050	organizer	2	\N	sent	\N	2026-05-04 18:03:06.827+00	2	424	t	\N	\N	\N	\N
cc7faa1a-8d35-46e7-8f39-a81713ffda65	1760ad65-52a2-4f54-98cc-9c0df824384d	Platinum	500	checked_in	Subhikksha	2026-05-06 04:16:55.20002+00	Jeba	+919884871780	organizer	3	\N	sent	\N	2026-05-06 04:16:56.825+00	3	505	t	\N	\N	\N	\N
1fcbefc2-760c-49aa-ad36-468a303d1949	1760ad65-52a2-4f54-98cc-9c0df824384d	Platinum	500	checked_in	Josna	2026-05-04 18:03:10.064031+00	Afrin	+918056480986	organizer	3	\N	sent	\N	2026-05-04 18:03:13.908+00	3	462	t	\N	\N	\N	\N
0807b323-b915-4e94-b2c9-c17c53550d9b	1760ad65-52a2-4f54-98cc-9c0df824384d	Platinum	500	booked	Lakshmi	2026-05-06 06:58:01.64227+00	Roshini	+919840576461	organizer	2	\N	sent	\N	2026-05-06 06:58:03.802+00	0	508	t	\N	\N	\N	\N
864df661-2d96-4562-8e91-11fe02f99440	1760ad65-52a2-4f54-98cc-9c0df824384d	Platinum	500	checked_in	Mehareen	2026-05-04 18:03:09.130694+00	Afrin	+919121402376	organizer	2	\N	sent	\N	2026-05-04 18:03:09.655+00	2	452	t	\N	\N	\N	\N
0cfd7e2e-1484-4fa7-9088-7c681ae5fc5b	1760ad65-52a2-4f54-98cc-9c0df824384d	Platinum	500	checked_in	Neathrasri	2026-05-04 18:03:09.865766+00	Afrin	+919551133707	organizer	2	\N	sent	\N	2026-05-04 18:03:10.404+00	2	460	t	\N	\N	\N	\N
4eb1c3bf-4c3d-45f9-af09-5e6cb0109178	1760ad65-52a2-4f54-98cc-9c0df824384d	Platinum	500	booked	Jasritha	2026-05-04 18:03:07.764643+00	Afrin	+919884068005	organizer	4	\N	sent	\N	2026-05-04 18:03:08.302+00	3	437	t	\N	\N	\N	\N
582e103c-7173-4b3c-9e89-5f3a096ba473	1760ad65-52a2-4f54-98cc-9c0df824384d	Donor	1000	booked	Padma	2026-05-07 04:47:15.242539+00	Ramya	+919994178806	organizer	3	\N	sent	\N	2026-05-07 04:47:17.572+00	0	555	t	\N	\N	\N	\N
d6d449ac-3212-4c5c-a018-012b2b14be75	1760ad65-52a2-4f54-98cc-9c0df824384d	Platinum	500	checked_in	Jovita	2026-05-04 18:03:09.964833+00	Afrin	+919962979211	organizer	2	\N	sent	\N	2026-05-04 18:03:13.908+00	2	461	t	\N	\N	\N	\N
0476fbeb-068f-4d57-9abb-a06cdd3435af	1760ad65-52a2-4f54-98cc-9c0df824384d	Platinum	500	checked_in	Vaishnavi RK	2026-05-04 18:03:09.022567+00	Afrin	+919884802239	organizer	2	\N	sent	\N	2026-05-04 18:03:09.507+00	2	451	t	\N	\N	\N	\N
4d4e6544-a474-4ee4-a44f-022c1ccb232d	1760ad65-52a2-4f54-98cc-9c0df824384d	Platinum	500	checked_in	Venessa	2026-05-05 18:06:36.800111+00	Christy	+919884147005	organizer	1	\N	sent	\N	2026-05-05 18:06:37.891+00	1	494	t	\N	\N	\N	\N
76f46ba0-ba5f-4162-a763-8ef076422056	1760ad65-52a2-4f54-98cc-9c0df824384d	Platinum	500	checked_in	Balaji	2026-05-06 04:01:28.771109+00	Vishwa	+919940651536	trust	4	612638663322	sent	\N	2026-05-06 04:01:29.047+00	4	502	t	\N	\N	\N	\N
6599535a-dfc2-4dd0-a067-89d7c58fbd5a	1760ad65-52a2-4f54-98cc-9c0df824384d	Platinum	500	booked	Shyam	2026-05-05 03:31:16.162292+00	Jenny	+919884192227	organizer	10	\N	sent	\N	2026-05-05 03:31:18.603+00	3	468	t	\N	\N	\N	\N
777bfc33-905e-4a3b-9bea-df49bff72e0a	1760ad65-52a2-4f54-98cc-9c0df824384d	Platinum	500	checked_in	Mokshith  Rihan	2026-05-04 18:03:07.181551+00	Afrin	+919840437363	organizer	2	\N	sent	\N	2026-05-04 18:03:07.736+00	2	431	t	\N	\N	\N	\N
f033f6a1-0409-41d0-b8dd-163c980e30b1	1760ad65-52a2-4f54-98cc-9c0df824384d	Platinum	500	checked_in	Pavithra	2026-05-04 18:03:10.23647+00	Afrin	+918248283528	organizer	3	\N	sent	\N	2026-05-04 18:03:13.908+00	3	464	t	\N	\N	\N	\N
4f902c84-93b3-4dfb-bffb-3ca7b63a4611	1760ad65-52a2-4f54-98cc-9c0df824384d	Platinum	500	checked_in	Aditi	2026-05-04 18:03:08.13874+00	Afrin	+919962532758	organizer	4	\N	sent	\N	2026-05-04 18:03:08.596+00	4	441	t	\N	\N	\N	\N
72eecb5b-7477-4bcb-b563-8d95fe97c728	1760ad65-52a2-4f54-98cc-9c0df824384d	Platinum	500	checked_in	Sundar	2026-05-05 18:07:26.078881+00	Christy	+918056280228	organizer	1	\N	sent	\N	2026-05-05 18:07:27.158+00	1	496	t	\N	\N	\N	\N
ebad84b8-c172-4ff1-bd72-7600d3e59a5f	1760ad65-52a2-4f54-98cc-9c0df824384d	Platinum	500	checked_in	Mr.Ashok 	2026-05-05 17:26:15.812075+00	Babitha	+919092711298	organizer	4	\N	sent	\N	2026-05-05 17:26:17.769+00	4	488	t	\N	\N	\N	\N
f301ca73-3014-4dcc-951d-c53c2fd348e9	1760ad65-52a2-4f54-98cc-9c0df824384d	Platinum	500	checked_in	Siddhiksha	2026-05-04 18:03:07.595206+00	Afrin	+919841571484	organizer	3	\N	sent	\N	2026-05-04 18:03:08.128+00	3	435	t	\N	\N	\N	\N
7be2ad65-ac7e-4541-827d-18163236163c	1760ad65-52a2-4f54-98cc-9c0df824384d	Donor	1000	booked	Dhanu Raja Pillai	2026-05-05 07:24:02.161271+00	Vishwa	+919408000202	trust	2	T2605051251428182790174	sent	\N	2026-05-05 07:24:03.463+00	0	474	t	\N	\N	\N	\N
063f0514-2173-4c20-9818-e2985bec1e15	1760ad65-52a2-4f54-98cc-9c0df824384d	Platinum	500	booked	Bhagyashree	2026-05-04 18:03:09.44291+00	Afrin	+918925276574	organizer	3	\N	sent	\N	2026-05-04 18:03:09.959+00	2	455	t	\N	\N	\N	\N
58d7e335-dddb-46e8-a5a5-5a1790767024	1760ad65-52a2-4f54-98cc-9c0df824384d	Donor	1000	booked	Velam Madhu	2026-05-05 12:21:05.24361+00	Vishwa	+919136868077	organizer	4	\N	sent	\N	2026-05-05 12:21:06.419+00	0	477	t	\N	\N	\N	\N
71c47c4c-9bc2-4e39-94c7-d1c3c1b47e0f	1760ad65-52a2-4f54-98cc-9c0df824384d	Platinum	500	checked_in	Athiyuga	2026-05-04 18:03:08.308955+00	Afrin	+917092837074	organizer	2	\N	sent	\N	2026-05-04 18:03:08.867+00	2	443	t	\N	\N	\N	\N
634b2182-40e7-4532-ad9d-c34d30b47685	1760ad65-52a2-4f54-98cc-9c0df824384d	Donor	1000	booked	Wilfred Vellangani	2026-05-05 14:29:55.019366+00	Vishwa	+919096965469	trust	5	122657143516	sent	\N	2026-05-05 14:29:56.576+00	0	480	t	\N	\N	\N	\N
5ec683f9-aa48-419f-a6c6-447874573b2c	1760ad65-52a2-4f54-98cc-9c0df824384d	Platinum	500	checked_in	Sarvesh	2026-05-04 18:03:05.917515+00	Afrin	+919789825384	organizer	7	\N	sent	\N	2026-05-04 18:03:07.141+00	9	421	t	\N	\N	\N	\N
1876d0df-cc67-4ae1-948c-37634d835eb4	1760ad65-52a2-4f54-98cc-9c0df824384d	Platinum	500	checked_in	Vahneeswari	2026-05-04 18:03:09.333166+00	Afrin	+917538821898	organizer	2	\N	sent	\N	2026-05-04 18:03:09.858+00	2	454	t	\N	\N	\N	\N
fdf50ac1-a0b8-43a1-8496-7379090eb743	1760ad65-52a2-4f54-98cc-9c0df824384d	Platinum	500	booked	Dr Maheshwari	2026-05-05 15:07:48.501688+00	Vishwa	+919884873404	organizer	1	\N	sent	\N	2026-05-05 15:07:50.003+00	0	486	t	\N	\N	\N	\N
208dc75d-d810-4f95-9a90-8ca68d283fb8	1760ad65-52a2-4f54-98cc-9c0df824384d	Platinum	500	booked	Rithvik	2026-05-04 18:03:07.070932+00	Afrin	+919942493087	organizer	6	\N	sent	\N	2026-05-04 18:03:07.589+00	3	430	t	\N	\N	\N	\N
9312e50d-c94b-4fc0-8763-d4ea0410e5ba	1760ad65-52a2-4f54-98cc-9c0df824384d	Donor	1000	booked	Pavithra 	2026-05-05 17:58:40.620752+00	Christy	+918939363005	organizer	1	\N	sent	\N	2026-05-05 17:58:42.333+00	0	489	t	\N	\N	\N	\N
08e2ce1e-b655-48c8-b68e-14128be3edc5	1760ad65-52a2-4f54-98cc-9c0df824384d	Platinum	500	checked_in	Sanjay	2026-05-04 18:03:06.620824+00	Afrin	+919894313360	organizer	4	\N	sent	\N	2026-05-04 18:03:07.155+00	4	427	t	\N	\N	\N	\N
cad7e9d2-0a5d-429a-8b03-ab7c46d62861	1760ad65-52a2-4f54-98cc-9c0df824384d	Donor	1000	booked	Lesly	2026-05-05 18:00:13.043034+00	Christy	+918056148842	organizer	1	\N	sent	\N	2026-05-05 18:00:14.082+00	0	492	t	\N	\N	\N	\N
16a65825-13f8-4095-b654-382c4856e3e4	1760ad65-52a2-4f54-98cc-9c0df824384d	Platinum	500	checked_in	Kaarunya	2026-05-04 18:03:09.705743+00	Afrin	+919500059098	organizer	2	\N	sent	\N	2026-05-04 18:03:10.207+00	2	458	t	\N	\N	\N	\N
26ec010b-b799-4b39-a8df-2ff39327cf72	1760ad65-52a2-4f54-98cc-9c0df824384d	Donor	1000	booked	Malini	2026-05-05 18:34:38.43101+00	Roshini	+919790908587	organizer	1	\N	sent	\N	2026-05-05 18:34:40.145+00	0	497	t	\N	\N	\N	\N
06d4e087-898d-4290-a54c-8cc2742baa49	1760ad65-52a2-4f54-98cc-9c0df824384d	Platinum	500	booked	Iswarya	2026-05-04 18:03:08.750055+00	Afrin	+919629259859	organizer	1	\N	sent	\N	2026-05-04 18:03:09.247+00	0	448	t	\N	\N	\N	\N
ac14078b-dba2-4927-a6a6-ac10096761df	1760ad65-52a2-4f54-98cc-9c0df824384d	Platinum	500	checked_in	Deeksha	2026-05-04 18:03:09.502743+00	Afrin	+919003286126	organizer	2	\N	sent	\N	2026-05-04 18:03:09.989+00	2	456	t	\N	\N	\N	\N
32722cdb-e028-4f2c-a3cc-a093723113b6	1760ad65-52a2-4f54-98cc-9c0df824384d	Donor	1000	booked	Sivathanu Pillai	2026-05-06 02:37:12.102804+00	Vishwa	+919884465080	organizer	10	\N	sent	\N	2026-05-06 02:37:13.099+00	0	500	t	\N	\N	\N	\N
4d451386-5dbf-4719-95ea-17d7510c367d	1760ad65-52a2-4f54-98cc-9c0df824384d	Platinum	500	checked_in	Neerav Midhun	2026-05-04 18:03:06.831955+00	Afrin	+919444794112	organizer	3	\N	sent	\N	2026-05-04 18:03:07.346+00	3	429	t	\N	\N	\N	\N
a7689aed-0700-4de0-9ebc-6ed7341917a3	1760ad65-52a2-4f54-98cc-9c0df824384d	Donor	1000	booked	Rajprithiv	2026-05-06 04:03:52.765309+00	Roshini	+919952820627	organizer	1	\N	sent	\N	2026-05-06 04:03:54.178+00	0	503	t	\N	\N	\N	\N
ffddecce-e3ab-46d3-a7c3-aab47ed62807	1760ad65-52a2-4f54-98cc-9c0df824384d	Platinum	500	checked_in	Varunkrishnan	2026-05-04 18:03:06.402795+00	Afrin	+919940176662	organizer	2	\N	sent	\N	2026-05-04 18:03:06.999+00	2	425	t	\N	\N	\N	\N
9d9588de-a317-4379-ac41-1a061a998f55	1760ad65-52a2-4f54-98cc-9c0df824384d	Platinum	500	checked_in	Haasini	2026-05-04 18:03:08.584462+00	Afrin	+919486086808	organizer	2	\N	sent	\N	2026-05-04 18:03:09.065+00	2	446	t	\N	\N	\N	\N
395609d0-dc95-4c80-8a77-7494e69fdade	1760ad65-52a2-4f54-98cc-9c0df824384d	Platinum	500	checked_in	Vignesh Vijayan	2026-05-06 10:51:00.570491+00	Andrew	+919841905707	organizer	1	\N	sent	\N	2026-05-06 10:51:02.492+00	1	511	t	\N	\N	\N	\N
ea748b60-7198-4515-925b-367542decc46	1760ad65-52a2-4f54-98cc-9c0df824384d	Donor	1000	booked	Mahesh Kumar	2026-05-06 07:15:42.628831+00	Vicky	+919940616659	organizer	1	\N	sent	\N	2026-05-06 07:15:44.268+00	0	509	t	\N	\N	\N	\N
dc018b25-908a-4245-b5fd-2a5f5a4ba07f	1760ad65-52a2-4f54-98cc-9c0df824384d	Platinum	500	booked	Sarula	2026-05-04 18:03:07.974384+00	Afrin	+919444991115	organizer	2	\N	sent	\N	2026-05-04 18:03:08.443+00	1	439	t	\N	\N	\N	\N
0d832156-5ea9-4f84-b6a0-5e758850fd24	1760ad65-52a2-4f54-98cc-9c0df824384d	Platinum	500	booked	Saisaarah	2026-05-04 18:03:08.412391+00	Afrin	+917708623663	organizer	3	\N	sent	\N	2026-05-04 18:03:08.92+00	2	444	t	\N	\N	\N	\N
7cde665d-a1a5-4721-9796-4f16e9d8743d	1760ad65-52a2-4f54-98cc-9c0df824384d	Platinum	500	booked	Pratikaa	2026-05-04 18:03:09.605172+00	Afrin	+919940658107	organizer	4	\N	sent	\N	2026-05-04 18:03:10.192+00	3	457	t	\N	\N	\N	\N
e8c436a2-9c10-40e1-8823-a8129f5b50b7	1760ad65-52a2-4f54-98cc-9c0df824384d	Platinum	500	checked_in	Vaishu	2026-05-05 03:49:01.3801+00	Ramya	+919566135139	organizer	3	\N	sent	\N	2026-05-05 03:49:03.567+00	3	469	t	\N	\N	\N	\N
52d65b67-78b2-4be5-ab5d-9d8ec87e1097	1760ad65-52a2-4f54-98cc-9c0df824384d	Platinum	500	checked_in	Subbu	2026-05-05 14:37:23.584624+00	Christy	+919003600465	organizer	1	\N	sent	\N	2026-05-05 14:37:24.345+00	1	483	t	\N	\N	\N	\N
6a9a5882-de3d-43ff-b325-055c4308c458	1760ad65-52a2-4f54-98cc-9c0df824384d	Platinum	500	checked_in	Nila	2026-05-04 18:03:07.295943+00	Afrin	+919500384403	organizer	3	\N	sent	\N	2026-05-04 18:03:07.875+00	4	432	t	\N	\N	\N	\N
bea37206-daf1-44af-a364-4d68f7ef7744	1760ad65-52a2-4f54-98cc-9c0df824384d	Platinum	500	checked_in	Santoshsivam	2026-05-04 18:03:05.573368+00	Afrin	+918778401468	organizer	2	\N	sent	\N	2026-05-04 18:03:06.808+00	2	418	t	\N	\N	\N	\N
0699c10c-5730-4341-9bab-64761b4644aa	1760ad65-52a2-4f54-98cc-9c0df824384d	Platinum	500	checked_in	Preethi	2026-05-04 18:03:08.038138+00	Afrin	+918675849909	organizer	4	\N	sent	\N	2026-05-04 18:03:08.584+00	4	440	t	\N	\N	\N	\N
c3e6ccf2-f4e6-4688-938c-9488a34f0b96	1760ad65-52a2-4f54-98cc-9c0df824384d	Platinum	500	checked_in	Pranavesh	2026-05-04 18:03:06.175899+00	Afrin	+919791374446	organizer	2	\N	sent	\N	2026-05-04 18:03:07.364+00	2	423	t	\N	\N	\N	\N
3130b568-f4ef-4ebd-bdcf-ec1d5be76fe1	1760ad65-52a2-4f54-98cc-9c0df824384d	Platinum	500	booked	Samishka	2026-05-04 18:03:09.23304+00	Afrin	+918056972972	organizer	6	\N	sent	\N	2026-05-04 18:03:09.758+00	5	453	t	\N	\N	\N	\N
cb852dd5-2aa2-4025-9416-137fb4600f9a	1760ad65-52a2-4f54-98cc-9c0df824384d	Platinum	500	booked	Amritha	2026-05-04 18:03:07.698348+00	Afrin	+919940616567	organizer	3	\N	sent	\N	2026-05-04 18:03:08.199+00	1	436	t	\N	\N	\N	\N
d1e74345-b02d-413a-84ae-4c498ccadca9	1760ad65-52a2-4f54-98cc-9c0df824384d	Platinum	500	checked_in	Tejashree	2026-05-04 18:03:10.17107+00	Afrin	+919841206444	organizer	2	\N	sent	\N	2026-05-04 18:03:13.908+00	2	463	t	\N	\N	\N	\N
92c037ec-71da-4064-a79f-5751aef84a25	1760ad65-52a2-4f54-98cc-9c0df824384d	Platinum	500	checked_in	Vedi Smriti	2026-05-04 18:03:10.341878+00	Afrin	+919884104211	organizer	2	\N	sent	\N	2026-05-04 18:03:13.908+00	2	465	t	\N	\N	\N	\N
7d5bd42e-81ee-431c-90a7-3a695fa14473	1760ad65-52a2-4f54-98cc-9c0df824384d	Donor	1000	booked	Baburaj	2026-05-05 13:04:20.066783+00	Tanu	+918189909986	organizer	1	\N	sent	\N	2026-05-05 13:04:21.868+00	0	478	t	\N	\N	\N	\N
4dd93e15-d925-48f8-a07d-9ed2b8af7502	1760ad65-52a2-4f54-98cc-9c0df824384d	Platinum	500	checked_in	Babin	2026-05-06 10:51:59.844012+00	Jenny	+917339404075	organizer	1	\N	sent	\N	2026-05-06 10:52:00.583+00	1	514	t	\N	\N	\N	\N
8825eed0-0bfa-4b5a-81ef-d2b6bf58527d	1760ad65-52a2-4f54-98cc-9c0df824384d	Donor	1000	booked	Julian D'Souza	2026-05-05 14:31:11.437103+00	Vishwa	+919834014235	trust	2	122656791977	sent	\N	2026-05-05 14:31:12.934+00	0	481	t	\N	\N	\N	\N
f49d20e4-a4a3-4791-9373-474afb30fcdd	1760ad65-52a2-4f54-98cc-9c0df824384d	Platinum	500	checked_in	Ganesh	2026-05-06 10:51:45.384049+00	Jenny	+917358391801	organizer	1	\N	sent	\N	2026-05-06 10:51:46.01+00	1	513	t	\N	\N	\N	\N
78e0015e-3df7-428c-bc00-93fc9ca9b9c5	1760ad65-52a2-4f54-98cc-9c0df824384d	Platinum	500	checked_in	Mr. Suriya	2026-05-06 04:06:36.758284+00	Bala	+918248934003	trust	1	612677501828	sent	\N	2026-05-06 04:06:37.441+00	1	504	t	\N	\N	\N	\N
77a8e70d-778b-47a1-ad3a-bf740d54d087	1760ad65-52a2-4f54-98cc-9c0df824384d	Donor	1000	booked	Gayathri	2026-05-05 17:59:10.975663+00	Christy	+919940176785	organizer	1	\N	sent	\N	2026-05-05 17:59:12.021+00	0	490	t	\N	\N	\N	\N
3edf0cf5-9fb0-4744-a2f8-a568850c5aee	1760ad65-52a2-4f54-98cc-9c0df824384d	Platinum	500	checked_in	Swara Praveen	2026-05-04 18:03:10.442648+00	Afrin	+919840430362	organizer	3	\N	sent	\N	2026-05-04 18:03:13.908+00	3	466	t	\N	\N	\N	\N
a58e113d-3052-4fc5-9cac-bd9631d551f1	1760ad65-52a2-4f54-98cc-9c0df824384d	Platinum	500	booked	Hema	2026-05-04 18:03:09.80387+00	Afrin	+918838909378	organizer	2	\N	sent	\N	2026-05-04 18:03:10.306+00	1	459	t	\N	\N	\N	\N
8dbec9e9-a904-465d-85d8-37d4de3928ab	1760ad65-52a2-4f54-98cc-9c0df824384d	Donor	1000	booked	Arumugam & Amara	2026-05-05 18:02:07.19716+00	Christy	+6581647245	organizer	5	\N	sent	\N	2026-05-05 18:27:54.692+00	0	493	t	\N	\N	\N	\N
4715abc6-4fff-4d78-a52a-b99ed317eb90	1760ad65-52a2-4f54-98cc-9c0df824384d	Platinum	500	checked_in	Navaneet shiva	2026-05-06 12:42:38.918421+00	Preetha	+918015134542	organizer	2	\N	sent	\N	2026-05-06 12:42:40.164+00	2	529	t	\N	\N	\N	\N
7dbb1e00-2dd0-4865-9928-8eb11d3cb0b2	1760ad65-52a2-4f54-98cc-9c0df824384d	Platinum	500	booked	Reji 	2026-05-05 18:46:46.533169+00	Jeba	+917902574002	organizer	1	\N	sent	\N	2026-05-05 18:46:48.137+00	0	498	t	\N	\N	\N	\N
058d5913-f60f-4a19-b923-c933e12dcdf3	1760ad65-52a2-4f54-98cc-9c0df824384d	VIP	0	booked	Mr Gokul	2026-05-05 15:33:15.996812+00	Arun	+919840919896	organizer	5	\N	sent	\N	2026-05-09 04:08:09.27+00	4	487	t	\N	1	\N	\N
7c84f457-4907-40a9-99b4-95358398c44b	1760ad65-52a2-4f54-98cc-9c0df824384d	Donor	1000	booked	Jeyaram Venugopal	2026-05-06 03:58:19.07569+00	Vishwa	+919790807959	trust	2	122675107868	sent	\N	2026-05-06 03:58:19.415+00	0	501	t	\N	\N	\N	\N
f79dbc58-f637-4946-afb5-fddc69faff03	1760ad65-52a2-4f54-98cc-9c0df824384d	Platinum	500	checked_in	Kanishka	2026-05-07 20:34:54.021265+00	Afrin	+919790749771	organizer	3	\N	sent	\N	2026-05-07 20:34:55.798+00	3	633	t	\N	\N	\N	\N
0a25549c-4ed6-400f-8de2-9140a6efab2b	1760ad65-52a2-4f54-98cc-9c0df824384d	Donor	1000	booked	Mr. YOGESH 	2026-05-06 05:59:57.65248+00	Ravi	+919940520862	organizer	10	\N	sent	\N	2026-05-06 06:00:08.679+00	0	507	t	\N	\N	\N	\N
1b386c78-3dd5-4e00-a404-da3694e55d35	1760ad65-52a2-4f54-98cc-9c0df824384d	Platinum	500	checked_in	Srinath Renganathan	2026-05-06 10:52:55.766215+00	Jenny	+919487723739	organizer	1	\N	sent	\N	2026-05-06 10:52:56.467+00	1	518	t	\N	\N	\N	\N
042227aa-fec8-4582-92b4-ffc8f8c79587	1760ad65-52a2-4f54-98cc-9c0df824384d	Donor	1000	booked	Ramya Mani	2026-05-06 07:16:59.225327+00	Vicky	+918098112240	organizer	1	\N	sent	\N	2026-05-06 07:17:00.105+00	0	510	t	\N	\N	\N	\N
2425e05f-ad6c-420c-8eeb-ac43237e61a2	1760ad65-52a2-4f54-98cc-9c0df824384d	Platinum	500	checked_in	Baravathavarthini	2026-05-06 10:52:20.237714+00	Jenny	+916305591887	organizer	1	\N	sent	\N	2026-05-06 10:52:21.049+00	1	515	t	\N	\N	\N	\N
e2f537d4-02a7-4ee4-947b-cd70fcc1d361	1760ad65-52a2-4f54-98cc-9c0df824384d	Platinum	500	checked_in	Pavithra Devi	2026-05-06 10:51:27.821581+00	Jenny	+918098854979	organizer	1	\N	sent	\N	2026-05-06 10:51:28.74+00	1	512	t	\N	\N	\N	\N
bf9bf79e-3cf5-419d-885a-2c48d3ab81fb	1760ad65-52a2-4f54-98cc-9c0df824384d	Platinum	500	checked_in	Abinaya	2026-05-06 10:52:38.061684+00	Jenny	+919345804223	organizer	1	\N	sent	\N	2026-05-06 10:52:38.788+00	1	517	t	\N	\N	\N	\N
9da0a4ac-381c-4552-8d07-1fd635d4d0b1	1760ad65-52a2-4f54-98cc-9c0df824384d	Platinum	500	checked_in	Kavitha	2026-05-06 10:53:29.518716+00	Jenny	+917010945573	organizer	1	\N	sent	\N	2026-05-06 10:53:30.197+00	1	520	t	\N	\N	\N	\N
d284685e-919c-40eb-a0c9-bb602ba9b2bb	1760ad65-52a2-4f54-98cc-9c0df824384d	Platinum	500	checked_in	Mukesh	2026-05-06 10:53:15.057941+00	Jenny	+919080981714	organizer	1	\N	sent	\N	2026-05-06 10:53:15.864+00	1	519	t	\N	\N	\N	\N
c0f1c1c6-dd0f-4f2f-8b5d-30ddc2c0c294	1760ad65-52a2-4f54-98cc-9c0df824384d	Platinum	500	checked_in	Wilfred	2026-05-05 14:42:16.383656+00	Christy	+919600363093	organizer	10	\N	sent	\N	2026-05-05 14:42:17.573+00	10	484	t	\N	\N	\N	\N
822010be-f026-41e9-ac77-8320b198e1da	1760ad65-52a2-4f54-98cc-9c0df824384d	Platinum	500	checked_in	Meenu	2026-05-06 11:57:52.262419+00	Christy	+918281151053	organizer	1	\N	sent	\N	2026-05-09 13:51:59.953+00	1	528	f	\N	\N	\N	\N
76ae50df-0a78-4430-bdef-9eb79ab0cba7	1760ad65-52a2-4f54-98cc-9c0df824384d	Platinum	500	booked	Shalom Raj	2026-05-06 10:53:45.64205+00	Jenny	+919600199876	organizer	1	\N	sent	\N	2026-05-06 10:53:46.353+00	0	521	t	\N	\N	\N	\N
1b80529f-2498-45a2-b0c6-cff6d038a28a	1760ad65-52a2-4f54-98cc-9c0df824384d	Donor	1000	booked	Pandiyan	2026-05-06 10:53:56.627801+00	Ramya	+919551201023	trust	1	612621648484	sent	\N	2026-05-06 10:53:57.705+00	0	522	t	\N	\N	\N	\N
d0afc376-624e-46e3-8b26-810e903fd5ab	1760ad65-52a2-4f54-98cc-9c0df824384d	Platinum	500	booked	Aiswarya Rani	2026-05-06 10:54:05.50731+00	Jenny	+918089516159	organizer	1	\N	sent	\N	2026-05-06 10:54:06.334+00	0	523	t	\N	\N	\N	\N
05119b13-2ea3-415f-8156-1dfcb0b01043	1760ad65-52a2-4f54-98cc-9c0df824384d	Platinum	500	booked	Aravind	2026-05-06 10:54:39.048703+00	Jenny	+918714156159	organizer	1	\N	sent	\N	2026-05-06 10:54:39.835+00	0	524	t	\N	\N	\N	\N
20f3bdd2-6625-4982-b1bd-49dbc35aba33	1760ad65-52a2-4f54-98cc-9c0df824384d	Platinum	500	booked	Meghana	2026-05-06 10:54:59.048743+00	Jenny	+919347082957	organizer	1	\N	sent	\N	2026-05-06 10:54:59.796+00	0	525	t	\N	\N	\N	\N
3397b343-cc94-450f-b511-ccc552cbcab5	1760ad65-52a2-4f54-98cc-9c0df824384d	Platinum	500	booked	Vithya Peethambaran	2026-05-06 11:05:47.796165+00	Jenny	+919789943813	organizer	1	\N	sent	\N	2026-05-06 11:05:49.56+00	0	526	t	\N	\N	\N	\N
9d3b3630-cd50-49ff-b717-1ce2fdb8860f	1760ad65-52a2-4f54-98cc-9c0df824384d	Donor	1000	booked	Khartheha	2026-05-06 11:57:34.256184+00	Christy	+919600528389	organizer	1	\N	sent	\N	2026-05-06 11:57:35.846+00	0	527	t	\N	\N	\N	\N
8d03b281-a54d-4166-bc1f-4d7bbeb1f7b9	1760ad65-52a2-4f54-98cc-9c0df824384d	Donor	1000	booked	Shoaib Ahamed	2026-05-06 13:26:01.332172+00	Preetha	+919677233690	organizer	1	\N	sent	\N	2026-05-06 13:26:03.013+00	0	530	t	\N	\N	\N	\N
6e6d03b9-9b79-44f1-b1f6-415b5c32eeee	1760ad65-52a2-4f54-98cc-9c0df824384d	Platinum	500	checked_in	Sanjay	2026-05-06 14:29:22.327546+00	Someesh	+918807293782	organizer	1	\N	sent	\N	2026-05-06 14:29:24.497+00	1	532	t	\N	\N	\N	\N
d5b53b3a-760e-4b4a-825a-6111540dad05	1760ad65-52a2-4f54-98cc-9c0df824384d	Platinum	500	checked_in	Nishanth 	2026-05-06 14:45:58.515071+00	Jessita	+919841730328	organizer	3	\N	sent	\N	2026-05-06 14:46:00.435+00	3	534	t	\N	\N	\N	\N
55838305-f9cc-40b1-a9b3-b3210bffa9a9	1760ad65-52a2-4f54-98cc-9c0df824384d	VIP	0	booked	Krishnapriya 	2026-05-06 15:46:44.53074+00	Arun	+918122660866	organizer	4	\N	sent	\N	2026-05-06 15:46:45.519+00	3	536	t	\N	2	\N	\N
4de6ccb2-157a-409b-98df-d60171e83513	1760ad65-52a2-4f54-98cc-9c0df824384d	Donor	1000	booked	Loganathan P	2026-05-06 15:41:17.967782+00	Arun	+919485202145	trust	1	612613829184	sent	\N	2026-05-06 15:41:20.125+00	0	535	t	\N	\N	\N	\N
7572d782-9f57-40e1-b600-e77f3f73f7ca	1760ad65-52a2-4f54-98cc-9c0df824384d	Platinum	500	checked_in	Suganthan	2026-05-07 06:56:20.10212+00	Jeba	+919600004449	organizer	3	\N	sent	\N	2026-05-07 06:56:21.878+00	3	563	t	\N	\N	\N	\N
7fecaff2-bb23-4376-9352-cf8bb501b542	1760ad65-52a2-4f54-98cc-9c0df824384d	Platinum	500	checked_in	Maria selvi 	2026-05-06 14:38:16.378498+00	Jessita	+919952951186	organizer	1	\N	sent	\N	2026-05-06 14:38:18.432+00	1	533	t	\N	\N	\N	\N
92fa6f73-efe6-41d8-9342-779650d574c1	1760ad65-52a2-4f54-98cc-9c0df824384d	Donor	1000	booked	Kaviverma 	2026-05-06 15:57:23.287486+00	Arun	+919886929838	organizer	5	\N	sent	\N	2026-05-06 15:57:25.154+00	0	537	t	\N	\N	\N	\N
6e7de3bb-4e89-4a62-b7a8-2b1aec982282	1760ad65-52a2-4f54-98cc-9c0df824384d	Platinum	500	checked_in	Bharath	2026-05-06 17:25:26.478161+00	Someesh	+919626614073	organizer	1	\N	sent	\N	2026-05-06 17:25:27.159+00	1	545	t	\N	\N	\N	\N
9f3a9110-eb05-4b5b-82ca-7198d7e6fc27	1760ad65-52a2-4f54-98cc-9c0df824384d	Donor	1000	booked	Selvakumar 	2026-05-06 15:58:04.969074+00	Arun	+919008740674	organizer	2	\N	sent	\N	2026-05-06 15:58:05.958+00	0	538	t	\N	\N	\N	\N
65b1a784-2da2-43ad-bf99-7dd4bbd2eee9	1760ad65-52a2-4f54-98cc-9c0df824384d	Platinum	500	checked_in	Surya 	2026-05-06 16:20:36.700741+00	Arun	+918667648726	trust	5	302065160201	sent	\N	2026-05-06 16:20:38.709+00	5	539	t	\N	\N	\N	\N
9a7ebf4f-eba0-4ae7-8278-2d146427f1f7	1760ad65-52a2-4f54-98cc-9c0df824384d	Donor	1000	booked	Surya 	2026-05-06 16:21:25.283363+00	Arun	+918667648726	organizer	10	\N	sent	\N	2026-05-06 16:21:26.541+00	0	540	t	\N	\N	\N	\N
c16c992e-6d77-4c56-9926-ccfc52274eaf	1760ad65-52a2-4f54-98cc-9c0df824384d	VIP	0	booked	Surya	2026-05-06 16:21:54.411436+00	Arun	+918667648726	organizer	5	\N	sent	\N	2026-05-06 16:21:55.261+00	0	541	t	\N	3	\N	\N
83d4629c-9953-433e-a45a-d33c6c128c3f	1760ad65-52a2-4f54-98cc-9c0df824384d	Donor	1000	booked	Janani	2026-05-06 16:29:40.605506+00	Preetha	+918778620400	organizer	1	\N	sent	\N	2026-05-06 16:29:41.101+00	0	542	t	\N	\N	\N	\N
9627280e-cf2f-4245-b209-7aedc4d2a363	1760ad65-52a2-4f54-98cc-9c0df824384d	Donor	1000	booked	Samuel	2026-05-06 17:10:04.663808+00	Jenny	+919731893206	organizer	1	\N	sent	\N	2026-05-06 17:10:06.724+00	0	543	t	\N	\N	\N	\N
cf46adf0-b8e0-45ba-8785-ef2679263e17	1760ad65-52a2-4f54-98cc-9c0df824384d	Donor	1000	booked	Rajagopal S	2026-05-03 02:45:33.304205+00	Arun	+1894162350	trust	15	T260429085520	sent	\N	2026-05-03 02:45:34.174+00	0	380	t	\N	\N	\N	\N
5dfc69b5-0903-4b7a-bfb8-a0132e3441d7	1760ad65-52a2-4f54-98cc-9c0df824384d	Donor	1000	booked	Kiruthika	2026-05-06 17:23:14.796647+00	Jenny	+919894871493	organizer	1	\N	sent	\N	2026-05-06 17:23:17.228+00	0	544	t	\N	\N	\N	\N
bdddcac5-b189-495e-bc52-df9e6689c619	1760ad65-52a2-4f54-98cc-9c0df824384d	Platinum	500	booked	Beschi	2026-05-06 17:25:52.775507+00	Jenny	+917598247219	organizer	1	\N	sent	\N	2026-05-06 17:25:53.989+00	0	546	t	\N	\N	\N	\N
50bd411f-a959-408d-bd75-b4e111d11b01	1760ad65-52a2-4f54-98cc-9c0df824384d	Platinum	500	booked	Surya	2026-05-06 17:27:01.140616+00	Someesh	+919363076146	organizer	1	\N	sent	\N	2026-05-06 17:27:01.952+00	0	547	t	\N	\N	\N	\N
d327add1-d17a-4418-96cc-0bfeaa3f168d	1760ad65-52a2-4f54-98cc-9c0df824384d	Donor	1000	booked	Charanya	2026-05-06 17:38:27.796094+00	Jenny	+14086135957	organizer	2	\N	sent	\N	2026-05-06 17:38:28.975+00	0	549	t	\N	\N	\N	\N
f82713b8-bfba-4482-a888-f49ab67f91c0	1760ad65-52a2-4f54-98cc-9c0df824384d	Donor	1000	booked	Melvin Rufus	2026-05-06 17:46:32.182179+00	Jenny	+919176627129	organizer	1	\N	sent	\N	2026-05-06 17:46:34.733+00	0	550	t	\N	\N	\N	\N
164ab5a1-57af-4886-8398-a223ce5c90a4	1760ad65-52a2-4f54-98cc-9c0df824384d	Platinum	500	booked	Saranya	2026-05-07 01:47:59.891576+00	Jenny	+916374056770	organizer	2	\N	sent	\N	2026-05-07 01:48:01.728+00	0	552	t	\N	\N	\N	\N
768da299-e9ec-4a52-bd64-f4106059ab89	1760ad65-52a2-4f54-98cc-9c0df824384d	Platinum	500	booked	Gowthamprabakar	2026-05-07 02:10:44.583388+00	Yuva	+919688596833	organizer	1	\N	sent	\N	2026-05-07 02:10:46.764+00	0	553	t	\N	\N	\N	\N
31fc1b9e-6fe2-4da2-a20e-fe10dd6658ed	1760ad65-52a2-4f54-98cc-9c0df824384d	Donor	1000	booked	BalaManikandan	2026-05-07 02:36:37.759586+00	Jenny	+919502227199	organizer	1	\N	sent	\N	2026-05-07 02:36:39.581+00	0	554	t	\N	\N	\N	\N
2de5a4d3-2f59-47b0-9b00-365c38044e85	1760ad65-52a2-4f54-98cc-9c0df824384d	Donor	1000	booked	Mahima 	2026-05-06 18:56:27.312235+00	Arun	+61468773695	organizer	7	\N	sent	\N	2026-05-06 18:56:28.954+00	0	551	t	\N	\N	\N	\N
12010a64-4f1d-44c2-9497-b07bcee876dc	1760ad65-52a2-4f54-98cc-9c0df824384d	Platinum	500	booked	Pawan CW	2026-05-06 04:23:02.664585+00	Vishwa	+917408464219	trust	1	244135132326	sent	\N	2026-05-07 03:54:11.644+00	0	506	t	\N	\N	\N	\N
94c26476-6f3e-411e-b10d-b662185a6873	1760ad65-52a2-4f54-98cc-9c0df824384d	Donor	1000	booked	Janani	2026-05-07 05:45:46.012134+00	Jenny	+918088088425	organizer	5	\N	sent	\N	2026-05-07 05:45:47.542+00	0	556	t	\N	\N	\N	\N
39d3d870-5934-4625-992c-b9b0e4ac9f88	1760ad65-52a2-4f54-98cc-9c0df824384d	Donor	1000	booked	Balaji M	2026-05-07 06:34:07.990859+00	Christy	+919840823435	organizer	3	\N	sent	\N	2026-05-07 06:34:10.014+00	0	557	t	\N	\N	\N	\N
722da73c-b45c-4258-9e95-0aefb8bbbaa3	1760ad65-52a2-4f54-98cc-9c0df824384d	Donor	1000	booked	Sindhu Ranjit	2026-05-07 06:34:32.469615+00	Christy	+919003097474	organizer	1	\N	sent	\N	2026-05-07 06:34:33.703+00	0	558	t	\N	\N	\N	\N
df0d0404-55ef-4b98-8dff-84b902f6a641	1760ad65-52a2-4f54-98cc-9c0df824384d	Platinum	500	booked	Suriya	2026-05-07 06:34:53.772968+00	Christy	+919840621651	organizer	2	\N	sent	\N	2026-05-07 06:34:55.127+00	0	559	t	\N	\N	\N	\N
c50b0572-2d82-4b29-a5f6-f6395c9e99ad	1760ad65-52a2-4f54-98cc-9c0df824384d	Platinum	500	booked	Hariharan	2026-05-07 06:41:06.556218+00	Christy	+919940618879	organizer	2	\N	sent	\N	2026-05-07 06:41:08.663+00	0	560	t	\N	\N	\N	\N
4d404090-ba13-41a4-90ea-0112e8f096a5	1760ad65-52a2-4f54-98cc-9c0df824384d	Donor	1000	booked	Praveen 	2026-05-07 06:42:58.538276+00	Vicky	+918754560046	organizer	1	\N	sent	\N	2026-05-07 06:42:59.323+00	0	561	t	\N	\N	\N	\N
89fa8c6f-6b7f-4675-8be6-ed98b88a88c0	1760ad65-52a2-4f54-98cc-9c0df824384d	Donor	1000	booked	Kishore	2026-05-07 06:43:54.999637+00	Ramya	+919176440045	organizer	1	\N	sent	\N	2026-05-07 06:43:56.606+00	0	562	t	\N	\N	\N	\N
0e1dad0c-bb76-4a11-9924-848c4d7a3380	1760ad65-52a2-4f54-98cc-9c0df824384d	Donor	1000	booked	Martin	2026-05-07 08:17:49.533063+00	Someesh	+919884546666	organizer	1	\N	sent	\N	2026-05-07 08:17:51.099+00	0	564	t	\N	\N	\N	\N
18b6c261-7051-4887-8731-5541eb5f68df	1760ad65-52a2-4f54-98cc-9c0df824384d	Donor	1000	booked	Martin	2026-05-07 08:18:29.251073+00	Someesh	+919884546666	organizer	1	\N	sent	\N	2026-05-07 08:18:29.862+00	0	565	t	\N	\N	\N	\N
48eba648-5aab-4389-9870-c6a36b09e4d8	1760ad65-52a2-4f54-98cc-9c0df824384d	Donor	1000	booked	Ammu	2026-05-06 17:34:30.618015+00	Christy	+919600056742	organizer	1	\N	sent	\N	2026-05-07 15:52:49.141+00	0	548	t	\N	\N	\N	\N
7360718a-b872-4f19-b923-96db77061e59	1760ad65-52a2-4f54-98cc-9c0df824384d	Platinum	500	checked_in	Sudhakar	2026-05-07 10:35:40.100032+00	Jenny	+919884057207	organizer	2	\N	sent	\N	2026-05-07 10:35:42.055+00	2	569	t	\N	\N	\N	\N
e3fb344b-164c-4c48-bbf3-c47c6656e911	1760ad65-52a2-4f54-98cc-9c0df824384d	Platinum	500	checked_in	Purushothaman Krishnamoorthy 	2026-05-07 09:14:02.72846+00	Preetha	+919840092793	trust	1	612752905290	sent	\N	2026-05-07 09:14:03.927+00	1	566	t	\N	\N	\N	\N
7ee67314-0225-4c38-981b-58cae28e9e8c	1760ad65-52a2-4f54-98cc-9c0df824384d	Donor	1000	booked	Ahamed Hussain	2026-05-07 10:40:53.634616+00	Jenny	+919845372971	organizer	10	\N	sent	\N	2026-05-07 10:40:55.771+00	0	570	t	\N	\N	\N	\N
1ea110bc-3636-4ee9-a5d3-534c0bc8541f	1760ad65-52a2-4f54-98cc-9c0df824384d	Platinum	500	checked_in	Sophia	2026-05-07 17:54:26.42553+00	Christy	+919789888316	organizer	2	\N	sent	\N	2026-05-07 17:54:29.028+00	2	599	t	\N	\N	\N	\N
ec6a8de9-a256-49b4-99a7-d631a6832175	1760ad65-52a2-4f54-98cc-9c0df824384d	Donor	1000	booked	Vinoth K	2026-05-07 11:05:21.863398+00	Yuva	+919840956000	organizer	6	\N	sent	\N	2026-05-07 11:05:23.582+00	0	571	t	\N	\N	\N	\N
4100d0da-05f6-4c55-8777-c42621651288	1760ad65-52a2-4f54-98cc-9c0df824384d	VIP	0	booked	Chelana 	2026-05-07 16:31:54.439534+00	Arun	+919003212645	organizer	5	\N	sent	\N	2026-05-07 16:31:55.248+00	4	587	t	\N	4	\N	\N
f94e35a0-f54e-468e-9292-6cade6b8ad0e	1760ad65-52a2-4f54-98cc-9c0df824384d	Platinum	500	booked	Jeya parthiban 	2026-05-07 11:07:24.330328+00	Jessita	+919962646569	organizer	1	\N	sent	\N	2026-05-07 11:07:26.155+00	0	572	t	\N	\N	\N	\N
840ec21c-63bc-4642-bcb0-a3b1c24f2839	1760ad65-52a2-4f54-98cc-9c0df824384d	Platinum	500	booked	Deepak	2026-05-07 19:31:04.221517+00	Arun	+918903885092	organizer	4	\N	sent	\N	2026-05-07 19:31:06.131+00	3	631	t	\N	\N	\N	\N
83657dff-73a6-4046-96fa-f249e52abc9e	1760ad65-52a2-4f54-98cc-9c0df824384d	Platinum	500	booked	Deepa	2026-05-07 11:16:33.326655+00	Yuva	+919884115419	organizer	1	\N	sent	\N	2026-05-07 11:16:35.057+00	0	573	t	\N	\N	\N	\N
a5bcfa66-ec31-47e2-8991-fe8b06ac9383	1760ad65-52a2-4f54-98cc-9c0df824384d	Platinum	500	booked	Sowmiya	2026-05-07 17:01:52.878615+00	Arun	+919629318601	organizer	6	\N	sent	\N	2026-05-07 17:01:53.861+00	5	592	t	\N	\N	\N	\N
5cda4101-fc07-47c4-9232-d019d24b2999	1760ad65-52a2-4f54-98cc-9c0df824384d	Donor	1000	booked	Kotteswaran	2026-05-07 11:22:06.103996+00	Preetha	+919789898979	trust	1	612774539917	sent	\N	2026-05-07 11:22:07.769+00	0	574	t	\N	\N	\N	\N
2ef96f37-b592-421b-b67b-b6cce826b9c7	1760ad65-52a2-4f54-98cc-9c0df824384d	Platinum	500	checked_in	Subha	2026-05-07 17:00:54.719903+00	Arun	+918056656851	organizer	4	\N	sent	\N	2026-05-07 17:00:56.893+00	4	591	t	\N	\N	\N	\N
ea333c9a-2d08-44ba-9f2a-0770ecd728d9	1760ad65-52a2-4f54-98cc-9c0df824384d	Donor	1000	booked	S jayanthi mala	2026-05-07 11:24:35.757333+00	Preetha	+919952931576	trust	1	649365356874	sent	\N	2026-05-07 11:24:36.067+00	0	575	t	\N	\N	\N	\N
65bf19a7-334a-4f4a-bbb3-4a0c38927163	1760ad65-52a2-4f54-98cc-9c0df824384d	Platinum	500	booked	Ali	2026-05-07 17:07:16.87962+00	Arun	+919841733156	organizer	3	\N	sent	\N	2026-05-07 17:07:17.703+00	2	594	t	\N	\N	\N	\N
2913971a-ab81-4d9f-abf5-c106acd2fc54	1760ad65-52a2-4f54-98cc-9c0df824384d	Donor	1000	booked	Roja 	2026-05-07 11:28:00.828934+00	Preetha	+918124620117	trust	1	612743329457	sent	\N	2026-05-07 11:28:01.186+00	0	576	t	\N	\N	\N	\N
0326e7eb-f3bc-4b35-abbd-7c6f82f6897e	1760ad65-52a2-4f54-98cc-9c0df824384d	Platinum	500	checked_in	Seetha	2026-05-07 12:31:12.999605+00	Yuva	+919094761091	organizer	2	\N	sent	\N	2026-05-07 12:31:15.083+00	2	579	t	\N	\N	\N	\N
a2b9bf67-952f-4823-b822-a3fd1acdea7c	1760ad65-52a2-4f54-98cc-9c0df824384d	Donor	1000	booked	Dheepak 	2026-05-07 11:29:09.561629+00	Ramya	+919994328442	organizer	4	\N	sent	\N	2026-05-07 11:29:11.762+00	0	577	t	\N	\N	\N	\N
ce396ab0-3573-4b5c-88e7-27d9432dc170	1760ad65-52a2-4f54-98cc-9c0df824384d	Platinum	500	booked	Moni	2026-05-07 17:06:50.220974+00	Arun	+918110046011	organizer	12	\N	sent	\N	2026-05-07 17:06:51.615+00	10	593	t	\N	\N	\N	\N
a8490701-2c25-4509-8e70-d6b670cc140a	1760ad65-52a2-4f54-98cc-9c0df824384d	Donor	1000	booked	Shanthi	2026-05-07 11:29:21.054277+00	Preetha	+919791027430	trust	2	109761137600	sent	\N	2026-05-07 11:29:21.374+00	0	578	t	\N	\N	\N	\N
d1084b5f-a778-4a76-9f6b-15c8233216b9	1760ad65-52a2-4f54-98cc-9c0df824384d	Donor	1000	booked	Jesny	2026-05-07 12:32:53.619218+00	Jeba	+919940591951	organizer	1	\N	sent	\N	2026-05-07 12:32:55.327+00	0	580	t	\N	\N	\N	\N
d7505e72-0c67-4d01-ab99-7aff5c43c4a0	1760ad65-52a2-4f54-98cc-9c0df824384d	Platinum	500	booked	Snegha	2026-05-07 13:15:59.782908+00	Yuva	+917373814081	organizer	2	\N	sent	\N	2026-05-07 13:16:01.911+00	0	581	t	\N	\N	\N	\N
349a3532-7167-4eca-9c03-4d973521f8bc	1760ad65-52a2-4f54-98cc-9c0df824384d	Donor	1000	booked	Prasanna	2026-05-07 14:31:23.151783+00	Jenny	+16478684470	organizer	15	\N	sent	\N	2026-05-07 14:31:26.163+00	0	582	t	\N	\N	\N	\N
bf53be92-8b95-4b2e-9099-2eec292b99a0	1760ad65-52a2-4f54-98cc-9c0df824384d	Platinum	500	booked	Idris	2026-05-07 16:03:12.023558+00	Jeba	+917401250486	organizer	2	\N	sent	\N	2026-05-07 16:03:13.719+00	0	583	t	\N	\N	\N	\N
a77f0e6d-fbd5-41ce-b0b5-33ed3bc0677f	1760ad65-52a2-4f54-98cc-9c0df824384d	Platinum	500	booked	Vishnupriya	2026-05-07 16:15:44.16405+00	Tanu	+917358593303	organizer	2	\N	sent	\N	2026-05-07 16:15:45.77+00	0	584	t	\N	\N	\N	\N
3834637b-bda0-465c-aad9-da23dbcd87a0	1760ad65-52a2-4f54-98cc-9c0df824384d	Donor	1000	booked	Gomathi Hariharan	2026-05-07 16:25:57.886007+00	Jenny	+919962657168	organizer	1	\N	sent	\N	2026-05-07 16:26:00.437+00	0	585	t	\N	\N	\N	\N
461d4e45-fd69-436e-ac19-8dd8aff55395	1760ad65-52a2-4f54-98cc-9c0df824384d	Donor	1000	booked	T Prabakaran	2026-05-07 16:28:42.346503+00	Arun	+919442402131	trust	10	612133363974	sent	\N	2026-05-07 16:28:43.774+00	0	586	t	\N	\N	\N	\N
5fb107f2-9e1c-4ee1-956b-bcb647483360	1760ad65-52a2-4f54-98cc-9c0df824384d	Donor	1000	booked	Ramya	2026-05-07 16:32:48.799943+00	Jenny	+919894871493	organizer	1	\N	sent	\N	2026-05-07 16:32:50.063+00	0	588	t	\N	\N	\N	\N
2af66f39-141f-40ee-8f80-a69d10c90512	1760ad65-52a2-4f54-98cc-9c0df824384d	Donor	1000	booked	Ramadevi 	2026-05-07 16:36:31.660115+00	Arun	+919840469176	organizer	2	\N	sent	\N	2026-05-07 16:36:32.284+00	0	589	t	\N	\N	\N	\N
0d86846a-b595-4118-9a2d-5a3abeabed4d	1760ad65-52a2-4f54-98cc-9c0df824384d	Donor	1000	booked	Abdul Rahman 	2026-05-07 16:52:58.3234+00	Jessita	+919840779293	organizer	1	\N	sent	\N	2026-05-07 16:52:59.899+00	0	590	t	\N	\N	\N	\N
2fdf76cc-c1e5-424c-aec2-e814b153d750	1760ad65-52a2-4f54-98cc-9c0df824384d	Donor	1000	booked	Nitin Dharaney 	2026-05-07 17:26:30.574498+00	Arun	+919840740518	trust	1	612618686690	sent	\N	2026-05-07 17:26:31.332+00	0	595	t	\N	\N	\N	\N
5a325f1c-665b-419f-a5df-955866ab8621	1760ad65-52a2-4f54-98cc-9c0df824384d	Donor	1000	booked	Ishwarya	2026-05-07 17:31:45.451769+00	Arun	+919962633607	trust	1	122685365736	sent	\N	2026-05-07 17:31:46.41+00	0	596	t	\N	\N	\N	\N
2612a196-5d02-46e1-8b39-223a83395337	1760ad65-52a2-4f54-98cc-9c0df824384d	Donor	1000	booked	Nagarchana	2026-05-07 17:34:41.345793+00	Arun	+917424318235	organizer	2	\N	sent	\N	2026-05-07 17:34:42.181+00	0	597	t	\N	\N	\N	\N
21644c14-6c70-4c63-8d64-6315481b047a	1760ad65-52a2-4f54-98cc-9c0df824384d	Donor	1000	booked	Karthik V	2026-05-07 17:38:57.934381+00	Arun	+919176067107	trust	10	122698711639	sent	\N	2026-05-07 17:38:58.665+00	0	598	t	\N	\N	\N	\N
b4a5b81f-81a9-4bc6-84a6-47d644033b70	1760ad65-52a2-4f54-98cc-9c0df824384d	Donor	1000	booked	Deeptha	2026-05-07 18:22:23.559653+00	Arun	+919840280055	trust	1	122713430681	not_sent	\N	\N	0	600	t	\N	\N	\N	\N
4f6ef73b-1dd4-41ce-85f2-b2537c73d2c2	1760ad65-52a2-4f54-98cc-9c0df824384d	Platinum	500	booked	Sowmya	2026-05-07 18:44:41.594122+00	Yuva	+917358543373	organizer	1	\N	sent	\N	2026-05-07 18:44:43.341+00	0	601	t	\N	\N	\N	\N
865dc3e6-a1dd-4dba-a616-d23e07240e89	1760ad65-52a2-4f54-98cc-9c0df824384d	Platinum	500	booked	Sowmya	2026-05-07 18:45:05.641248+00	Yuva	+917358543373	organizer	1	\N	sent	\N	2026-05-07 18:45:07.13+00	0	602	t	\N	\N	\N	\N
e17864b3-4834-4de4-a432-9e2f72052446	1760ad65-52a2-4f54-98cc-9c0df824384d	Donor	1000	booked	Sreelata Mukerjee	2026-05-07 20:22:00.23111+00	Arun	+918939840286	trust	1	612743811527	sent	\N	2026-05-07 20:22:01.878+00	0	632	t	\N	\N	\N	\N
62d63db0-97aa-41f5-abbb-f2eb12116f59	1760ad65-52a2-4f54-98cc-9c0df824384d	Platinum	500	checked_in	Varshitha	2026-05-07 20:43:54.151966+00	Afrin	+919003245652	organizer	1	\N	sent	\N	2026-05-07 20:43:54.84+00	1	635	t	\N	\N	\N	\N
75e05f21-3c8d-4f40-98ff-981b2e9b3ffd	1760ad65-52a2-4f54-98cc-9c0df824384d	Platinum	500	booked	Rahul	2026-05-07 20:44:28.828558+00	Afrin	+919360415167	organizer	3	\N	sent	\N	2026-05-07 20:44:29.462+00	0	636	t	\N	\N	\N	\N
9213e98a-3378-4e05-85a4-c7942a97bb08	1760ad65-52a2-4f54-98cc-9c0df824384d	Platinum	500	booked	Saritha	2026-05-07 18:49:06.183625+00	Arun	+919840557490	trust	1	RCG Global	sent	\N	2026-05-07 18:49:06.905+00	0	609	t	\N	\N	\N	\N
9a0befb3-7420-4fe3-a87b-f896da301b5f	1760ad65-52a2-4f54-98cc-9c0df824384d	Platinum	500	booked	Jaya Janani	2026-05-07 18:49:06.40487+00	Arun	+919843185144	trust	1	RCG Global	sent	\N	2026-05-07 18:49:07.159+00	0	611	t	\N	\N	\N	\N
c450f118-a21a-4278-acd7-085776dd0dfe	1760ad65-52a2-4f54-98cc-9c0df824384d	Platinum	500	booked	Subhrajeet Raika	2026-05-07 18:49:06.71446+00	Arun	+917008865524	trust	1	RCG Global	sent	\N	2026-05-07 18:49:07.543+00	0	613	t	\N	\N	\N	\N
593fe1f4-f498-47fe-a1c8-df394bfd697c	1760ad65-52a2-4f54-98cc-9c0df824384d	Platinum	500	booked	Arun	2026-05-07 18:49:06.899081+00	Arun	+919952223147	trust	1	RCG Global	sent	\N	2026-05-07 18:49:07.694+00	0	615	t	\N	\N	\N	\N
8921bff4-b503-4cb7-adda-0195f2d2b653	1760ad65-52a2-4f54-98cc-9c0df824384d	Platinum	500	booked	Kalaiselvi S	2026-05-07 18:49:07.012318+00	Arun	+917806972475	trust	1	RCG Global	sent	\N	2026-05-07 18:49:07.759+00	0	616	t	\N	\N	\N	\N
b2cf466f-531e-4eda-88cd-0a68d3fc52e1	1760ad65-52a2-4f54-98cc-9c0df824384d	Platinum	500	booked	Varun	2026-05-07 18:49:07.083204+00	Arun	+917401380341	trust	1	RCG Global	sent	\N	2026-05-07 18:49:07.779+00	0	617	t	\N	\N	\N	\N
fcd1df6f-f056-4feb-9af9-b133748920a2	1760ad65-52a2-4f54-98cc-9c0df824384d	Platinum	500	booked	Vivek	2026-05-07 18:49:07.154518+00	Arun	+918870067461	trust	1	RCG Global	sent	\N	2026-05-07 18:49:07.905+00	0	618	t	\N	\N	\N	\N
d9ef827c-180d-490d-bc6d-d72faee51036	1760ad65-52a2-4f54-98cc-9c0df824384d	Platinum	500	booked	Elanthamilan	2026-05-07 18:49:07.380533+00	Arun	+918681926869	trust	1	RCG Global	sent	\N	2026-05-07 18:49:31.437+00	0	620	t	\N	\N	\N	\N
500132e1-33cb-4542-9b00-726a18d7c60f	1760ad65-52a2-4f54-98cc-9c0df824384d	Platinum	500	booked	Gokulakrishnan	2026-05-07 18:49:07.266978+00	Arun	+916381451700	trust	1	RCG Global	sent	\N	2026-05-07 18:49:31.436+00	0	619	t	\N	\N	\N	\N
4b4f0dea-263d-44ea-bd75-8f9466cf0b5d	1760ad65-52a2-4f54-98cc-9c0df824384d	Platinum	500	booked	Sanjay	2026-05-07 18:49:07.454683+00	Arun	+916383183389	trust	1	RCG Global	sent	\N	2026-05-07 18:49:31.437+00	0	621	t	\N	\N	\N	\N
14c3995f-a1a1-49ce-b341-f2d04966b06c	1760ad65-52a2-4f54-98cc-9c0df824384d	Platinum	500	booked	Vijaikumar	2026-05-07 18:49:07.636695+00	Arun	+919025637472	trust	1	RCG Global	sent	\N	2026-05-07 18:49:31.438+00	0	623	t	\N	\N	\N	\N
50a34928-9ced-410f-ae2c-3d587ea7bc0c	1760ad65-52a2-4f54-98cc-9c0df824384d	Platinum	500	booked	Sethuramalingam	2026-05-07 18:49:07.807903+00	Arun	+917904135532	trust	1	RCG Global	sent	\N	2026-05-07 18:49:31.438+00	0	625	t	\N	\N	\N	\N
03addaf7-25bb-447f-b582-a578934480b5	1760ad65-52a2-4f54-98cc-9c0df824384d	VIP	0	checked_in	Kanchana	2026-05-07 20:53:26.496173+00	Ramya	+919443182161	organizer	2	\N	sent	\N	2026-05-07 20:53:27.162+00	2	640	t	\N	7	\N	\N
35519135-6561-48bc-b458-b93c815f6b3b	1760ad65-52a2-4f54-98cc-9c0df824384d	VIP	0	checked_in	Mohan Kumar	2026-05-07 20:52:10.157976+00	Jenny	+919043021131	organizer	1	\N	sent	\N	2026-05-07 20:52:11.692+00	1	638	t	\N	5	\N	\N
b1b31814-762c-427a-86d5-bd94cfcaabd1	1760ad65-52a2-4f54-98cc-9c0df824384d	Platinum	500	checked_in	Balaguru	2026-05-07 20:44:51.772918+00	Afrin	+917358758152	organizer	1	\N	sent	\N	2026-05-07 20:44:52.433+00	1	637	t	\N	\N	\N	\N
0fc32df1-34db-4d01-9dc6-f68d992bd5ca	1760ad65-52a2-4f54-98cc-9c0df824384d	Platinum	500	checked_in	Sanjay	2026-05-07 18:49:06.290668+00	Arun	+916383183389	trust	1	RCG Global	sent	\N	2026-05-07 18:49:07.125+00	1	610	t	\N	\N	\N	\N
9bec10da-1e71-4dfd-85e3-f8a2589860e9	1760ad65-52a2-4f54-98cc-9c0df824384d	Platinum	500	checked_in	Vasundhra	2026-05-07 18:49:06.602387+00	Arun	+917200723101	trust	2	RCG Global	sent	\N	2026-05-07 18:49:07.356+00	2	612	t	\N	\N	\N	\N
b198e317-89ae-446b-b89a-6c02b7fa9b6c	1760ad65-52a2-4f54-98cc-9c0df824384d	VIP	0	booked	Anitha K A	2026-05-07 20:53:49.157006+00	Afrin	+919943125626	organizer	2	\N	sent	\N	2026-05-07 20:53:49.793+00	1	641	t	\N	8	\N	\N
98613f40-1745-4b41-90ea-b718f92bfddd	1760ad65-52a2-4f54-98cc-9c0df824384d	Platinum	500	checked_in	Elakiya	2026-05-07 18:49:06.824127+00	Arun	+916369199312	trust	2	RCG Global	sent	\N	2026-05-07 18:49:07.516+00	2	614	t	\N	\N	\N	\N
d1008c87-0d3e-44e8-b6d6-fbb1373c02a5	1760ad65-52a2-4f54-98cc-9c0df824384d	Platinum	500	checked_in	Aishwarya	2026-05-07 18:49:05.926989+00	Arun	+919003361392	trust	3	RCG Global	sent	\N	2026-05-07 18:49:06.675+00	4	607	t	\N	\N	\N	\N
8e329d0d-e979-4be6-9a5c-0f1e21dac40e	1760ad65-52a2-4f54-98cc-9c0df824384d	Platinum	500	checked_in	Sudharson	2026-05-07 18:49:05.276342+00	Arun	+918807780045	trust	4	RCG Global	sent	\N	2026-05-07 18:49:06.277+00	6	603	t	\N	\N	\N	\N
d489893a-e580-47f8-90b8-cbe0af8af7c8	1760ad65-52a2-4f54-98cc-9c0df824384d	Platinum	500	checked_in	Priya	2026-05-07 18:49:06.07162+00	Arun	+919941234054	trust	4	RCG Global	sent	\N	2026-05-07 18:49:06.847+00	4	608	t	\N	\N	\N	\N
f71a208f-bef4-4746-b16d-ab772961196f	1760ad65-52a2-4f54-98cc-9c0df824384d	Platinum	500	checked_in	Akkshara	2026-05-07 18:49:05.79235+00	Arun	+919840786592	trust	1	RCG Global	sent	\N	2026-05-07 18:49:06.591+00	1	606	t	\N	\N	\N	\N
743a26f2-ecdb-4540-b560-b9b2cd5dccc6	1760ad65-52a2-4f54-98cc-9c0df824384d	Platinum	500	checked_in	John	2026-05-07 18:49:07.742943+00	Arun	+916379814240	trust	1	RCG Global	sent	\N	2026-05-07 18:49:31.438+00	1	624	t	\N	\N	\N	\N
1563082c-608b-4163-9049-18490e6aa786	1760ad65-52a2-4f54-98cc-9c0df824384d	VIP	0	checked_in	Vinodh Khanna	2026-05-07 20:54:48.819785+00	Yuva	+918124333123	organizer	1	\N	sent	\N	2026-05-07 20:54:49.493+00	1	643	t	\N	10	\N	\N
e993c528-ee94-44d3-976b-47c558bfbf3f	1760ad65-52a2-4f54-98cc-9c0df824384d	Platinum	500	checked_in	Prawinkumar	2026-05-07 18:49:05.517089+00	Arun	+919342154438	trust	3	RCG Global	sent	\N	2026-05-07 18:49:07.351+00	3	604	t	\N	\N	\N	\N
cdb94352-8ef6-4737-9b1b-e2516170f862	1760ad65-52a2-4f54-98cc-9c0df824384d	Platinum	500	checked_in	Keerthana	2026-05-07 18:49:07.523598+00	Arun	+919360985946	trust	1	RCG Global	sent	\N	2026-05-07 18:49:31.437+00	1	622	t	\N	\N	\N	\N
20478630-5ef8-4c65-8eda-af80ca8c28f0	1760ad65-52a2-4f54-98cc-9c0df824384d	VIP	0	checked_in	Santhosh Kumar	2026-05-07 20:55:03.567657+00	Yuva	+919843911151	organizer	1	\N	sent	\N	2026-05-07 20:55:04.34+00	1	644	t	\N	11	\N	\N
6493576a-411a-4b8b-ac9d-306439634611	1760ad65-52a2-4f54-98cc-9c0df824384d	Platinum	500	checked_in	Pavithra	2026-05-07 20:35:18.021887+00	Afrin	+918248283528	organizer	1	\N	sent	\N	2026-05-07 20:35:18.738+00	1	634	t	\N	\N	\N	\N
7b5995b3-a31d-4afd-975b-78220cdc80e7	1760ad65-52a2-4f54-98cc-9c0df824384d	VIP	0	checked_in	Vinoth K	2026-05-07 20:54:24.113568+00	Yuva	+919840956000	organizer	9	\N	sent	\N	2026-05-07 20:54:25.02+00	9	642	t	\N	9	\N	\N
39f27f2c-472f-4ba7-94ac-e22bd5ba4cfa	1760ad65-52a2-4f54-98cc-9c0df824384d	VIP	0	checked_in	Louis	2026-05-07 20:52:38.26451+00	Jenny	+919486102309	organizer	2	\N	sent	\N	2026-05-07 20:52:39.034+00	2	639	t	\N	6	\N	\N
8aba54a2-7f87-4055-9716-34ec345445e5	1760ad65-52a2-4f54-98cc-9c0df824384d	VIP	0	booked	Jesudoss	2026-05-07 20:58:36.522079+00	Jessita	+919095497777	organizer	3	\N	sent	\N	2026-05-07 20:58:37.046+00	0	649	t	\N	16	\N	\N
a7361ed4-7ea1-4ba7-956e-1d029bf96b1b	1760ad65-52a2-4f54-98cc-9c0df824384d	VIP	0	booked	Preethi	2026-05-07 21:00:21.962971+00	Arun	+919840121349	organizer	6	\N	sent	\N	2026-05-07 21:00:22.637+00	0	650	t	\N	17	\N	\N
11c4b3c3-c0bb-44c8-8e01-bab4a2890a1c	1760ad65-52a2-4f54-98cc-9c0df824384d	VIP	0	booked	Mr Praveen	2026-05-07 21:01:24.191455+00	Arun	+919944909944	organizer	2	\N	sent	\N	2026-05-07 21:01:24.873+00	0	651	t	\N	18	\N	\N
76cb91ef-bcde-4b8f-84b5-ef81065bdb18	1760ad65-52a2-4f54-98cc-9c0df824384d	VIP	0	booked	Mrs Suganya	2026-05-07 21:02:39.58773+00	Arun	+919962466639	organizer	2	\N	sent	\N	2026-05-07 21:02:40.948+00	0	652	t	\N	19	\N	\N
c2389e7b-0ff5-427d-8f1c-ff0ad150364b	1760ad65-52a2-4f54-98cc-9c0df824384d	VIP	0	booked	Prabhu	2026-05-07 21:04:16.750207+00	Arun	+919500155333	organizer	4	\N	sent	\N	2026-05-07 21:04:17.413+00	0	653	t	\N	20	\N	\N
13b7cb24-0961-4111-b85a-769e3cb657a0	1760ad65-52a2-4f54-98cc-9c0df824384d	VIP	0	booked	Vinyas	2026-05-07 21:05:40.702893+00	Vinyas	+919952021583	organizer	5	\N	sent	\N	2026-05-07 21:05:41.482+00	0	654	t	\N	21	\N	\N
151f1378-811a-4709-8a73-0b86851a0931	1760ad65-52a2-4f54-98cc-9c0df824384d	Platinum	500	booked	Kala	2026-05-07 21:06:12.078491+00	Preetha	+919500100412	organizer	1	\N	sent	\N	2026-05-07 21:06:12.717+00	0	655	t	\N	\N	\N	\N
51f243e3-c07e-40a0-9fad-172584169065	1760ad65-52a2-4f54-98cc-9c0df824384d	VIP	0	booked	Varsha	2026-05-07 21:07:24.841735+00	Arun	+919003869880	organizer	3	\N	sent	\N	2026-05-07 21:07:25.532+00	0	657	t	\N	23	\N	\N
2d1ba175-9a96-4ada-8b7f-a786b81c5628	1760ad65-52a2-4f54-98cc-9c0df824384d	Donor	1000	booked	Ramesh	2026-05-07 21:49:19.319905+00	Preetha	+919840893501	trust	1	612790151001	sent	\N	2026-05-07 21:49:21.113+00	0	659	t	\N	\N	\N	\N
1b3eeecd-b6bb-492c-aa0e-7c394ae9e717	1760ad65-52a2-4f54-98cc-9c0df824384d	VIP	0	booked	Godwin	2026-05-07 20:57:54.581456+00	Jessita	+919095497777	organizer	12	\N	sent	\N	2026-05-08 03:35:44.61+00	0	648	t	\N	15	\N	\N
6bb013cf-4997-4e53-bbc8-1c9772630d53	1760ad65-52a2-4f54-98cc-9c0df824384d	Donor	1000	booked	Mini	2026-05-08 03:44:09.169777+00	Jenny	+919884088088	organizer	1	\N	sent	\N	2026-05-08 03:44:11.098+00	0	662	t	\N	\N	\N	\N
7d95896f-0639-42ed-89a1-5fa800b55727	1760ad65-52a2-4f54-98cc-9c0df824384d	Platinum	500	booked	Shyam	2026-05-08 03:55:43.007838+00	Christy	+919043250789	organizer	1	\N	sent	\N	2026-05-08 03:55:45.388+00	0	664	t	\N	\N	\N	\N
5f6aba3d-09ce-43ef-9941-aa26f6e8f6de	1760ad65-52a2-4f54-98cc-9c0df824384d	Platinum	500	booked	Julius 	2026-05-08 03:56:04.993042+00	Christy	+919710066188	organizer	1	\N	sent	\N	2026-05-08 03:56:06.9+00	0	665	t	\N	\N	\N	\N
c2ec71ce-c018-456c-99e7-5c927ec2ee28	1760ad65-52a2-4f54-98cc-9c0df824384d	Donor	1000	booked	Flora	2026-05-08 04:23:10.353338+00	Jenny	+917871099336	organizer	1	\N	sent	\N	2026-05-08 04:23:13.014+00	0	666	t	\N	\N	\N	\N
ecb9194e-4ef9-4672-a9a4-6b248d45dd23	1760ad65-52a2-4f54-98cc-9c0df824384d	Platinum	500	booked	Julius	2026-05-08 04:51:55.678875+00	Christy	+919710066188	organizer	1	\N	sent	\N	2026-05-08 04:51:58.087+00	0	667	t	\N	\N	\N	\N
1b075781-ae29-4574-a431-69cd6f6c4fa6	1760ad65-52a2-4f54-98cc-9c0df824384d	Platinum	500	booked	Sumi	2026-05-08 04:54:31.916892+00	Ramya	+61 400 473 087	organizer	5	\N	sent	\N	2026-05-08 04:54:52.301+00	0	668	t	\N	\N	\N	\N
c0ff5905-4bc0-4c30-93f1-82b06121de29	1760ad65-52a2-4f54-98cc-9c0df824384d	Platinum	500	booked	Lekshwin	2026-05-08 05:41:30.914982+00	Ravi	+919360436119	organizer	1	\N	sent	\N	2026-05-08 05:41:30.926+00	0	675	t	\N	\N	\N	\N
dc95732f-754f-4d9e-8572-44913af95213	1760ad65-52a2-4f54-98cc-9c0df824384d	Platinum	500	booked	Shenoy	2026-05-08 05:41:31.277621+00	Ravi	+918454920429	organizer	1	\N	sent	\N	2026-05-08 05:41:31.308+00	0	677	t	\N	\N	\N	\N
4ec1b86f-4ddd-4f64-b42e-c02cb032b084	1760ad65-52a2-4f54-98cc-9c0df824384d	Platinum	500	booked	Kishore	2026-05-08 05:41:30.714243+00	Ravi	+919840701905	organizer	2	\N	sent	\N	2026-05-08 05:41:31.663+00	0	674	t	\N	\N	\N	\N
05f935e2-11db-44bd-a8a0-aa518543bb69	1760ad65-52a2-4f54-98cc-9c0df824384d	Platinum	500	booked	Jerry	2026-05-08 05:41:31.856838+00	Ravi	+919500096236	organizer	1	\N	sent	\N	2026-05-08 05:41:31.847+00	0	680	t	\N	\N	\N	\N
a0bc28f5-f8be-4b93-9ea1-338faa36fdab	1760ad65-52a2-4f54-98cc-9c0df824384d	Platinum	500	booked	Edison	2026-05-08 05:41:32.013526+00	Ravi	+919092761736	organizer	1	\N	sent	\N	2026-05-08 05:41:32.219+00	0	681	t	\N	\N	\N	\N
99fed6ea-8cb9-4f8d-93f3-ce4148979b0c	1760ad65-52a2-4f54-98cc-9c0df824384d	Platinum	500	booked	Pravin	2026-05-08 05:41:32.190516+00	Ravi	+916379038235	organizer	1	\N	sent	\N	2026-05-08 05:41:32.228+00	0	682	t	\N	\N	\N	\N
5c35a367-296e-47e1-802d-01cc0168869a	1760ad65-52a2-4f54-98cc-9c0df824384d	Platinum	500	booked	Abishek	2026-05-08 05:41:32.349676+00	Ravi	+917305001321	organizer	1	\N	sent	\N	2026-05-08 05:41:32.377+00	0	683	t	\N	\N	\N	\N
23e5a580-a1d5-4e6a-89b6-2ce295013bfc	1760ad65-52a2-4f54-98cc-9c0df824384d	VIP	0	booked	Srimathy	2026-05-07 21:06:29.119705+00	Afrin	+918754515504	organizer	2	\N	sent	\N	2026-05-07 21:06:29.786+00	1	656	t	\N	22	\N	\N
d1422e9e-9e59-4c4f-836f-f9e5898ad6c6	1760ad65-52a2-4f54-98cc-9c0df824384d	Platinum	500	checked_in	Kailash	2026-05-08 05:41:29.40423+00	Ravi	+917010872174	organizer	2	\N	sent	\N	2026-05-08 05:41:29.987+00	2	670	t	\N	\N	\N	\N
de32147d-62b4-451f-bef8-0a919f39fa5f	1760ad65-52a2-4f54-98cc-9c0df824384d	Platinum	500	checked_in	Simi	2026-05-08 05:28:09.210002+00	Jeba	+917401250786	organizer	2	\N	sent	\N	2026-05-08 05:28:10.103+00	2	669	t	\N	\N	\N	\N
c63d92af-0439-4ddc-8880-a0f35b40983d	1760ad65-52a2-4f54-98cc-9c0df824384d	Platinum	500	booked	Mini	2026-05-08 03:43:54.919948+00	Jenny	+919884088088	organizer	2	\N	sent	\N	2026-05-08 03:43:57.971+00	1	661	t	\N	\N	\N	\N
b076d17d-ab06-4a63-b14b-0729febdd68f	1760ad65-52a2-4f54-98cc-9c0df824384d	Platinum	500	checked_in	Mayank	2026-05-08 05:41:31.655247+00	Ravi	+919176781795	organizer	1	\N	sent	\N	2026-05-08 05:41:31.841+00	1	679	t	\N	\N	\N	\N
98e4ad4e-c678-4a2a-b112-6c277f84ac71	1760ad65-52a2-4f54-98cc-9c0df824384d	Platinum	500	checked_in	Imran	2026-05-08 05:41:30.037727+00	Ravi	+919790793134	organizer	3	\N	sent	\N	2026-05-08 05:41:30.115+00	3	671	t	\N	\N	\N	\N
5d52899f-2da5-4e4a-8d18-649964762fe1	1760ad65-52a2-4f54-98cc-9c0df824384d	VIP	0	checked_in	Ramya	2026-05-07 21:08:10.456778+00	Vishwa	+919688224935	organizer	2	\N	sent	\N	2026-05-07 21:08:11.192+00	2	658	t	\N	24	\N	\N
1e28337f-0f5f-4b33-ba3d-2c051540bae8	1760ad65-52a2-4f54-98cc-9c0df824384d	Platinum	500	checked_in	Adithya	2026-05-08 05:41:31.463934+00	Ravi	+919840236762	organizer	2	\N	sent	\N	2026-05-08 05:41:31.546+00	2	678	t	\N	\N	\N	\N
d2ac7a0f-d28b-47d8-9500-68ae120e6562	1760ad65-52a2-4f54-98cc-9c0df824384d	Platinum	500	checked_in	Punith	2026-05-08 05:41:30.27558+00	Ravi	+917305847215	organizer	2	\N	sent	\N	2026-05-08 05:41:30.297+00	2	672	t	\N	\N	\N	\N
4f9e4112-50d0-47b4-a65a-ab4a99af2dc3	1760ad65-52a2-4f54-98cc-9c0df824384d	Platinum	500	checked_in	Krishna Priya	2026-05-08 02:40:59.71254+00	Ramya	8778972687	trust	2	612849322274	sent	\N	2026-05-08 02:41:49.866+00	2	660	t	\N	\N	\N	\N
d3169245-adea-4e07-86ab-4678635afda4	1760ad65-52a2-4f54-98cc-9c0df824384d	Platinum	500	booked	Harsha	2026-05-08 05:41:31.110713+00	Ravi	+917358004289	organizer	2	\N	sent	\N	2026-05-08 05:41:31.123+00	1	676	t	\N	\N	\N	\N
fe71b702-cd3e-4439-8265-c0906c1b8aca	1760ad65-52a2-4f54-98cc-9c0df824384d	Platinum	500	checked_in	Syed	2026-05-08 05:41:30.505236+00	Ravi	+919500000554	organizer	3	\N	sent	\N	2026-05-08 05:41:30.532+00	3	673	t	\N	\N	\N	\N
615e9b95-b365-464b-817b-f97c50836aa8	1760ad65-52a2-4f54-98cc-9c0df824384d	Platinum	500	booked	Joe	2026-05-08 05:41:34.081526+00	Ravi	+919677456677	organizer	1	\N	sent	\N	2026-05-08 05:41:34.075+00	0	692	t	\N	\N	\N	\N
2d74f80b-9f85-4e3e-8246-7815e0498688	1760ad65-52a2-4f54-98cc-9c0df824384d	Donor	1000	booked	Chabbu	2026-05-08 05:51:00.299926+00	Ramya	+919381140670	organizer	2	\N	sent	\N	2026-05-08 05:51:01.434+00	0	704	t	\N	\N	\N	\N
c70a0059-bc70-478f-b1eb-468481971d1c	1760ad65-52a2-4f54-98cc-9c0df824384d	Donor	1000	booked	Saranya	2026-05-08 06:07:09.199536+00	Christy	+919840787197	organizer	1	\N	sent	\N	2026-05-08 06:07:11.544+00	0	705	t	\N	\N	\N	\N
198895f3-0719-45be-9442-1c60c6830606	1760ad65-52a2-4f54-98cc-9c0df824384d	Platinum	500	booked	Prithvi	2026-05-08 07:43:09.575173+00	Roshini	+918056123825	organizer	1	\N	sent	\N	2026-05-08 07:43:11.115+00	0	707	t	\N	\N	\N	\N
8044c6b2-b30e-4bc1-9677-e8c7634d8614	1760ad65-52a2-4f54-98cc-9c0df824384d	Platinum	500	booked	Jayanthi	2026-05-08 07:49:48.712876+00	Aysh	+919962671650	organizer	1	\N	sent	\N	2026-05-08 07:49:50.46+00	0	708	t	\N	\N	\N	\N
e9311de8-cfda-404f-a354-fdd9500593fd	1760ad65-52a2-4f54-98cc-9c0df824384d	VIP	0	booked	Beschi	2026-05-08 08:54:18.830376+00	Arun	+917598247219	organizer	1	\N	sent	\N	2026-05-08 09:02:07.126+00	0	713	t	\N	27	\N	\N
50c0a773-3bda-45f7-819e-49e6778647fb	1760ad65-52a2-4f54-98cc-9c0df824384d	Donor	1000	booked	Bhuvaneshwari	2026-05-08 09:30:47.498038+00	Aysh	+919443380436	organizer	1	\N	sent	\N	2026-05-08 09:30:48.429+00	0	715	t	\N	\N	\N	\N
12cf8895-fd68-4359-a4ec-bc82e08a87d8	1760ad65-52a2-4f54-98cc-9c0df824384d	Donor	1000	booked	Rajeshwari	2026-05-08 09:31:27.568411+00	Aysh	+919884099043	organizer	1	\N	sent	\N	2026-05-08 09:31:28.26+00	0	716	t	\N	\N	\N	\N
06749814-2d73-46df-9f61-c8161ea6ae01	1760ad65-52a2-4f54-98cc-9c0df824384d	Donor	1000	booked	Kavya	2026-05-08 09:37:09.703292+00	Aysh	+919840471503	organizer	1	\N	sent	\N	2026-05-08 09:37:11.106+00	0	717	t	\N	\N	\N	\N
d72e949e-1913-46c0-9d75-1d5641216fbe	1760ad65-52a2-4f54-98cc-9c0df824384d	Donor	1000	booked	Eshwari	2026-05-08 09:41:12.178849+00	Aysh	+919003507266	organizer	1	\N	sent	\N	2026-05-08 09:41:12.999+00	0	718	t	\N	\N	\N	\N
41a3fe85-6448-4ac1-acda-8034a7941c37	1760ad65-52a2-4f54-98cc-9c0df824384d	Donor	1000	booked	Laalitya s	2026-05-08 10:43:27.902246+00	Preetha	+918884585042	trust	1	649415096496	sent	\N	2026-05-08 10:43:29.505+00	0	721	t	\N	\N	\N	\N
3dde4d94-d28a-4d6b-8172-0cf0fe3e35bf	1760ad65-52a2-4f54-98cc-9c0df824384d	Donor	1000	booked	Chitra ragu	2026-05-08 10:45:12.818665+00	Preetha	+918608487689	trust	1	122791538730	sent	\N	2026-05-08 10:46:14.333+00	0	722	t	\N	\N	\N	\N
89825498-5d3a-4697-83b7-e0cd8e3a582d	1760ad65-52a2-4f54-98cc-9c0df824384d	Donor	1000	booked	Cynthia	2026-05-08 11:33:09.431629+00	Jenny	+919791769073	organizer	5	\N	sent	\N	2026-05-08 11:33:10.371+00	0	724	t	\N	\N	\N	\N
5f6c7314-04bf-4425-99c6-6959c503754c	1760ad65-52a2-4f54-98cc-9c0df824384d	Donor	1000	booked	Arun	2026-05-08 11:36:24.056432+00	Jenny	+917010438848	organizer	5	\N	sent	\N	2026-05-08 11:36:24.867+00	0	726	t	\N	\N	\N	\N
716b6803-77bb-4f92-99c9-a48b793f757a	1760ad65-52a2-4f54-98cc-9c0df824384d	Donor	1000	booked	Karunya	2026-05-08 11:36:45.654912+00	Jenny	+919962083202	organizer	5	\N	sent	\N	2026-05-08 11:36:46.428+00	0	727	t	\N	\N	\N	\N
d3aaf55c-d26a-4f04-8b7e-0358f0d72954	1760ad65-52a2-4f54-98cc-9c0df824384d	Donor	1000	booked	Satheesh	2026-05-08 11:37:16.014931+00	Jenny	+917418631345	organizer	2	\N	sent	\N	2026-05-08 11:37:16.753+00	0	728	t	\N	\N	\N	\N
6817baf4-d5ce-4850-a4fe-0580a44d559d	1760ad65-52a2-4f54-98cc-9c0df824384d	Donor	1000	booked	Kanchana	2026-05-08 11:37:42.035346+00	Jenny	+919629196167	organizer	2	\N	sent	\N	2026-05-08 11:37:42.76+00	0	729	t	\N	\N	\N	\N
e5b039e2-512d-4374-af8b-84f46af907e6	1760ad65-52a2-4f54-98cc-9c0df824384d	Donor	1000	booked	Aishwarya	2026-05-08 11:38:06.843577+00	Jenny	+918148920120	organizer	1	\N	sent	\N	2026-05-08 11:38:07.633+00	0	730	t	\N	\N	\N	\N
ac9fe176-d969-4412-8a27-85418640c4cb	1760ad65-52a2-4f54-98cc-9c0df824384d	Donor	1000	booked	Soundarya	2026-05-08 11:38:28.747806+00	Jenny	+919965855975	organizer	1	\N	sent	\N	2026-05-08 11:38:29.561+00	0	731	t	\N	\N	\N	\N
e98bf8b3-2100-4a3b-8889-fd988a4e6877	1760ad65-52a2-4f54-98cc-9c0df824384d	Donor	1000	booked	Sreeja	2026-05-08 11:38:52.259512+00	Jenny	+918111066404	organizer	1	\N	sent	\N	2026-05-08 11:38:53.06+00	0	732	t	\N	\N	\N	\N
17cc4b28-885e-4bf6-ac01-29cc69d41672	1760ad65-52a2-4f54-98cc-9c0df824384d	Platinum	500	checked_in	Kavinmathi	2026-05-04 18:03:07.869347+00	Afrin	+919677461092	organizer	5	\N	sent	\N	2026-05-04 18:03:08.391+00	5	438	t	\N	\N	\N	\N
0e028073-2f80-4c42-94b9-2819550c24e2	1760ad65-52a2-4f54-98cc-9c0df824384d	Platinum	500	checked_in	Tamilselvan	2026-05-07 18:49:05.656106+00	Arun	+919941176051	trust	5	RCG Global	sent	\N	2026-05-07 20:38:59.519+00	5	605	t	\N	\N	\N	\N
9df72444-6d79-4860-aa89-5b87bf95d3ed	1760ad65-52a2-4f54-98cc-9c0df824384d	Platinum	500	checked_in	Ms. Emora mercy	2026-05-08 11:35:30.189172+00	Bala	+916381825009	trust	5	612856281704	sent	\N	2026-05-08 11:35:30.985+00	5	725	t	\N	\N	\N	\N
8e554563-2a83-4056-b3af-def83833ec06	1760ad65-52a2-4f54-98cc-9c0df824384d	Platinum	500	checked_in	Karthik	2026-05-08 10:23:36.592517+00	Someesh	+919087727294	organizer	1	\N	sent	\N	2026-05-08 10:23:37.857+00	1	720	t	\N	\N	\N	\N
f9a93fe6-5bed-413d-95bd-a44d432ab9b8	1760ad65-52a2-4f54-98cc-9c0df824384d	Platinum	500	checked_in	Gangadharan	2026-05-08 08:35:58.997104+00	Arun	+919884548947	organizer	4	\N	sent	\N	2026-05-08 08:35:59.965+00	4	711	t	\N	\N	\N	\N
3889b8b1-fa21-4127-82c4-39669d7b2f4a	1760ad65-52a2-4f54-98cc-9c0df824384d	VIP	0	checked_in	Anand	2026-05-08 08:53:32.466671+00	Arun	+919994818495	organizer	8	\N	sent	\N	2026-05-08 08:53:34.533+00	8	712	t	\N	26	\N	\N
57f89fcc-e850-4e68-8c56-6e04ccdbdbab	1760ad65-52a2-4f54-98cc-9c0df824384d	Platinum	500	checked_in	Sukanya	2026-05-08 09:29:03.992649+00	Aysh	+916381395072	organizer	1	\N	sent	\N	2026-05-08 09:29:05.358+00	1	714	t	\N	\N	\N	\N
94f09f41-6b92-40b0-aca8-8a4336621079	1760ad65-52a2-4f54-98cc-9c0df824384d	Platinum	500	checked_in	Sukanya Ravi	2026-05-08 07:50:28.604805+00	Aysh	+916381395072	organizer	1	\N	sent	\N	2026-05-08 07:50:30.049+00	1	709	t	\N	\N	\N	\N
5971457a-778e-4100-ae92-6c1e97c8c771	1760ad65-52a2-4f54-98cc-9c0df824384d	VIP	0	checked_in	Ahmed	2026-05-08 05:50:00.654304+00	Jenny	+919845372971	organizer	3	\N	sent	\N	2026-05-08 05:50:02.595+00	3	703	t	\N	25	\N	\N
135fd660-9979-46f8-8bfd-bcef41e28d29	1760ad65-52a2-4f54-98cc-9c0df824384d	Platinum	500	checked_in	Indhu	2026-05-08 06:38:39.880767+00	Jenny	+919940471787	organizer	4	\N	sent	\N	2026-05-08 06:38:42.707+00	4	706	t	\N	\N	\N	\N
92db0fc2-9adc-4f1b-b269-4763fd8e4dba	1760ad65-52a2-4f54-98cc-9c0df824384d	Platinum	500	checked_in	Mr. Selvanathan	2026-05-08 11:22:05.014336+00	Bala	+917418670070	trust	1	T2605081648489200665506	sent	\N	2026-05-08 11:22:06.746+00	1	723	t	\N	\N	\N	\N
c550e99a-5906-4593-b31f-48513e6a9a7b	1760ad65-52a2-4f54-98cc-9c0df824384d	Platinum	500	checked_in	Dinesh	2026-05-08 05:41:35.518888+00	Ravi	+918428611326	organizer	2	\N	sent	\N	2026-05-08 05:41:40.681+00	2	700	t	\N	\N	\N	\N
f73d7ae0-988d-4f45-a7a4-a2afea62bf95	1760ad65-52a2-4f54-98cc-9c0df824384d	Platinum	500	checked_in	Uma	2026-05-08 09:57:03.700324+00	Aysh	+919940668487	organizer	1	\N	sent	\N	2026-05-08 09:57:05.273+00	1	719	t	\N	\N	\N	\N
ef812c84-d3b8-4f8d-8bd4-b1a6de39a390	1760ad65-52a2-4f54-98cc-9c0df824384d	Platinum	500	checked_in	Arun Kumar N	2026-05-08 13:15:00.813761+00	Christy	+919500373157	organizer	1	\N	sent	\N	2026-05-08 13:15:01.806+00	1	733	t	\N	\N	\N	\N
af372cb8-6083-4f15-8745-a5545e7db405	1760ad65-52a2-4f54-98cc-9c0df824384d	Platinum	500	checked_in	Gangadharan	2026-05-08 08:31:30.227496+00	Arun	+919884548947	organizer	1	\N	sent	\N	2026-05-08 08:31:31.762+00	1	710	t	\N	\N	\N	\N
4f2d96b9-a453-4949-a995-aa4fe9bdb400	1760ad65-52a2-4f54-98cc-9c0df824384d	Donor	1000	booked	Dr Shanmugamsundar	2026-05-08 14:06:14.58305+00	Arun	+919566123547	trust	1	1	sent	\N	2026-05-08 14:06:15.612+00	0	736	t	\N	\N	\N	\N
7bc4b68c-ac91-4099-bbe3-dc1585128314	1760ad65-52a2-4f54-98cc-9c0df824384d	Platinum	500	booked	Amisha R Khimani	2026-05-08 15:44:32.163013+00	Vishwa	+919445373150	trust	1	109771917262	sent	\N	2026-05-08 15:44:32.406+00	0	744	t	\N	\N	\N	\N
76acea2e-d7c7-456b-bb01-1adfa7f92c4a	1760ad65-52a2-4f54-98cc-9c0df824384d	Student	200	checked_in	A s kamali	2026-05-08 15:23:27.754125+00	Preetha	+919600184621	trust	2	612863646804	sent	\N	2026-05-08 15:23:28.404+00	2	741	t	\N	\N	\N	\N
d1be312a-390a-48ef-9266-75b754d316e3	1760ad65-52a2-4f54-98cc-9c0df824384d	VIP	0	booked	Suganya	2026-05-08 15:47:22.721644+00	Aysh	+916381395072	organizer	2	\N	sent	\N	2026-05-08 15:47:24.243+00	0	746	t	\N	32	\N	\N
0c3f6880-48d2-4a19-a8a1-6fcbaaec6d31	1760ad65-52a2-4f54-98cc-9c0df824384d	Donor	1000	booked	Dharani sanjay	2026-05-08 16:54:56.546637+00	Someesh	+918072585192	organizer	1	\N	sent	\N	2026-05-08 16:54:57.116+00	0	748	t	\N	\N	\N	\N
e61fc65f-c274-4304-aea0-1c2a851b1e4d	1760ad65-52a2-4f54-98cc-9c0df824384d	VIP	0	booked	Thangam	2026-05-08 17:43:54.056826+00	Vishwa	+918680001776	organizer	3	\N	sent	\N	2026-05-08 17:43:56.468+00	0	749	t	\N	33	\N	\N
f48969d7-371a-49c4-ba65-9390a8aeabdd	1760ad65-52a2-4f54-98cc-9c0df824384d	Donor	1000	booked	Mahendran	2026-05-09 02:22:47.142704+00	Someesh	+917738042757	organizer	1	\N	sent	\N	2026-05-09 02:22:48.45+00	0	751	t	\N	\N	\N	\N
603c6354-8ca9-4ad0-9fb4-df6f9d51f155	1760ad65-52a2-4f54-98cc-9c0df824384d	Donor	1000	booked	Mahendran	2026-05-09 02:23:44.111565+00	Someesh	+917738042757	organizer	1	\N	sent	\N	2026-05-09 02:23:45.181+00	0	752	t	\N	\N	\N	\N
19d004b3-cafe-4ba3-84c8-b3985f77f515	1760ad65-52a2-4f54-98cc-9c0df824384d	Platinum	500	checked_in	Mrs and Mr Madhu	2026-04-24 06:18:00.895479+00	Vishwa	+919790974498	organizer	2	\N	sent	\N	2026-05-09 02:23:58.195+00	2	147	t	\N	\N	\N	\N
cda1e5e7-2385-4a25-8a89-b30fc7cb8644	1760ad65-52a2-4f54-98cc-9c0df824384d	Platinum	500	booked	Ravi kumar 	2026-05-09 02:48:36.286958+00	Arun	+919840430203	trust	1	109767439992	sent	\N	2026-05-09 02:48:37.85+00	0	753	t	\N	\N	\N	\N
b06a1b98-059f-47b1-9b15-8fb59d6d0172	1760ad65-52a2-4f54-98cc-9c0df824384d	Donor	1000	booked	Rakesh 	2026-05-09 03:12:19.064269+00	Arun	+919840036376	trust	10	12	sent	\N	2026-05-09 03:12:20.734+00	0	754	t	\N	\N	\N	\N
38e0b7ba-22e5-44ec-8cc1-b1c198a546bb	1760ad65-52a2-4f54-98cc-9c0df824384d	Donor	1000	booked	Mr Srinivasan 	2026-05-09 03:13:45.74059+00	Arun	+919840036376	trust	10	046068733822	sent	\N	2026-05-09 03:13:46.53+00	0	755	t	\N	\N	\N	\N
2165b1e6-fc00-40ca-9d9a-aef38c0a8a42	1760ad65-52a2-4f54-98cc-9c0df824384d	Donor	1000	booked	Sunil 	2026-05-09 03:15:16.188869+00	Arun	+919840053360	trust	2	109771132577	sent	\N	2026-05-09 03:15:16.98+00	0	756	t	\N	\N	\N	\N
d40e35d3-8bad-4008-9aba-3036198ce385	1760ad65-52a2-4f54-98cc-9c0df824384d	Donor	1000	booked	Sunil 	2026-05-09 03:15:59.623438+00	Arun	+919840053360	trust	2	109771135836	sent	\N	2026-05-09 03:16:00.438+00	0	757	t	\N	\N	\N	\N
a991640d-8038-4eb7-b169-a6ee96ae9911	1760ad65-52a2-4f54-98cc-9c0df824384d	Donor	1000	booked	Sunil 	2026-05-09 03:17:19.675273+00	Arun	+919840053360	trust	1	109771136303	sent	\N	2026-05-09 03:17:20.553+00	0	758	t	\N	\N	\N	\N
d4be0b4a-b97f-43aa-9d34-70440a45a465	1760ad65-52a2-4f54-98cc-9c0df824384d	VIP	0	booked	DR KPM	2026-05-09 03:21:58.754511+00	Arun	+919843175404	organizer	3	\N	sent	\N	2026-05-09 03:21:59.875+00	0	759	t	\N	34	\N	\N
f3a77ec5-abd5-45b0-a6aa-3a7e692625e1	1760ad65-52a2-4f54-98cc-9c0df824384d	Donor	1000	booked	Chiranjeevi	2026-05-09 03:40:33.985726+00	Tanu	+919940292305	organizer	1	\N	sent	\N	2026-05-09 03:40:35.546+00	0	760	t	\N	\N	\N	\N
76c79c42-e24c-4b0c-af75-e461c4473f2d	1760ad65-52a2-4f54-98cc-9c0df824384d	Donor	1000	booked	Hadlee	2026-05-09 04:06:36.841643+00	Jenny	+17047127164	organizer	2	\N	sent	\N	2026-05-09 04:06:38.7+00	0	761	t	\N	\N	\N	\N
28f895cf-4db5-4923-bb6b-75249e791afe	1760ad65-52a2-4f54-98cc-9c0df824384d	Platinum	500	booked	Sumitha	2026-05-09 04:32:23.099957+00	Ramya	+919884810173	organizer	4	\N	sent	\N	2026-05-09 04:32:25.355+00	0	762	t	\N	\N	\N	\N
b0d16eca-7091-41fb-b02d-6b1fde1eb7f2	1760ad65-52a2-4f54-98cc-9c0df824384d	VIP	0	booked	Joe	2026-05-09 04:43:46.526477+00	Jenny	+919894289459	organizer	5	\N	sent	\N	2026-05-09 04:43:48.2+00	0	763	t	\N	35	\N	\N
c426fbbc-e4a5-4fe1-89d4-6499aff491b7	1760ad65-52a2-4f54-98cc-9c0df824384d	Donor	1000	booked	Madhu	2026-05-09 05:01:54.788602+00	Christy	+918939641228	organizer	1	\N	sent	\N	2026-05-09 05:01:57.075+00	0	764	t	\N	\N	\N	\N
5e54c634-1f72-41f8-8360-ad397fcfc383	1760ad65-52a2-4f54-98cc-9c0df824384d	VIP	0	booked	Allen HOH	2026-05-09 05:55:16.628108+00	Christy	+919962077780	organizer	6	\N	sent	\N	2026-05-09 05:55:18.105+00	0	765	t	\N	36	\N	\N
a53aad47-672e-4289-917b-521234e89ab9	1760ad65-52a2-4f54-98cc-9c0df824384d	VIP	0	booked	Dinesh FECT	2026-05-09 05:57:22.547355+00	Christy	+919952971384	organizer	2	\N	sent	\N	2026-05-09 05:57:23.906+00	0	767	t	\N	38	\N	\N
6cc12bea-8484-4b62-b900-c19a7606ee42	1760ad65-52a2-4f54-98cc-9c0df824384d	Platinum	500	checked_in	Manisha	2026-05-08 15:29:40.35209+00	Preetha	+917358581365	trust	1	612874989111	sent	\N	2026-05-08 15:29:41.256+00	1	742	t	\N	\N	\N	\N
a055a4ae-709d-44e9-85a7-9839ec7bf7b3	1760ad65-52a2-4f54-98cc-9c0df824384d	VIP	0	checked_in	Chandru	2026-05-09 05:56:30.513126+00	Christy	+919159689712	organizer	4	\N	sent	\N	2026-05-09 06:19:10.177+00	4	766	t	\N	37	\N	\N
5aad44cf-3167-4811-9082-4a21e6357069	1760ad65-52a2-4f54-98cc-9c0df824384d	Platinum	500	checked_in	Mirunalini 	2026-05-08 14:50:13.11247+00	Jessita	+919500063698	organizer	2	\N	sent	\N	2026-05-08 14:50:14.709+00	2	737	t	\N	\N	\N	\N
3ee03e7c-2df8-4367-98c6-87c09baab363	1760ad65-52a2-4f54-98cc-9c0df824384d	Platinum	500	checked_in	Chandra Kala	2026-05-08 17:45:08.807056+00	Vishwa	+917823989073	trust	1	908556529839	sent	\N	2026-05-08 17:45:08.762+00	1	750	t	\N	\N	\N	\N
9e7335f5-f299-4ce8-8754-c7f3a6fd4d9d	1760ad65-52a2-4f54-98cc-9c0df824384d	Platinum	500	checked_in	A s kamali	2026-05-08 15:22:58.245467+00	Preetha	+919600184621	trust	2	612863646804	sent	\N	2026-05-08 15:44:55.949+00	2	740	t	\N	\N	\N	\N
01d365ee-43bc-4539-b116-67df75ae1541	1760ad65-52a2-4f54-98cc-9c0df824384d	Platinum	500	checked_in	Kavitha	2026-05-08 15:52:44.796201+00	Aysh	+919962177566	organizer	6	\N	sent	\N	2026-05-08 15:52:45.586+00	6	747	t	\N	\N	\N	\N
f72fc432-e640-4ea7-a8a8-9c1451763b14	1760ad65-52a2-4f54-98cc-9c0df824384d	VIP	0	checked_in	Prabhu Govindan 	2026-05-08 14:04:32.595687+00	Arun	+919500133555	organizer	6	\N	sent	\N	2026-05-08 14:04:34.557+00	6	735	t	\N	28	\N	\N
c7f7fcf6-15ff-4456-9653-40436818797b	1760ad65-52a2-4f54-98cc-9c0df824384d	VIP	0	booked	Ratheesh 	2026-05-08 15:19:11.038856+00	Arun	+919884717148	organizer	4	\N	sent	\N	2026-05-09 07:54:55.988+00	3	739	t	\N	30	\N	\N
e1551507-2006-4bbc-9f7e-751b76134815	1760ad65-52a2-4f54-98cc-9c0df824384d	VIP	0	checked_in	Jayanthi	2026-05-08 15:46:58.23768+00	Aysh	+919962671650	organizer	1	\N	sent	\N	2026-05-08 15:46:59.462+00	1	745	t	\N	31	\N	\N
4a1a5e01-8f76-4205-9b1e-7ad42f217974	1760ad65-52a2-4f54-98cc-9c0df824384d	VIP	0	checked_in	Sameedha	2026-05-08 15:16:54.501801+00	Jeba	+919444030550	organizer	2	\N	sent	\N	2026-05-08 15:16:56.683+00	2	738	t	\N	29	\N	\N
4ee5be14-b9f3-4779-8a25-93fc33dc1044	1760ad65-52a2-4f54-98cc-9c0df824384d	Platinum	500	booked	Pradeep Niranjan 	2026-05-05 09:51:47.991627+00	Arun	+919952035679	organizer	4	\N	sent	\N	2026-05-09 02:41:53.93+00	2	475	t	\N	\N	\N	\N
68b0a344-63d7-45a3-9a0f-c8facc6142d5	1760ad65-52a2-4f54-98cc-9c0df824384d	VIP	0	booked	Vijay	2026-05-09 07:34:56.425851+00	Christy	+919791162626	organizer	2	\N	sent	\N	2026-05-09 07:34:57.612+00	0	773	t	\N	43	\N	\N
76e09128-014e-40c3-bb8d-0240450ee35a	1760ad65-52a2-4f54-98cc-9c0df824384d	Donor	1000	booked	Joel Vellangani	2026-05-10 10:00:42.764053+00	Vishwa	+918805054948	trust	1	084039392846	sent	\N	2026-05-10 10:00:43.244+00	0	776	t	\N	\N	\N	\N
68cbc9d2-fa7b-43a9-abee-70852f95f2fb	1760ad65-52a2-4f54-98cc-9c0df824384d	Platinum	500	checked_in	Sanjay	2026-05-06 14:28:05.098412+00	Someesh	+918807293782	organizer	1	\N	sent	\N	2026-05-06 14:28:06.613+00	1	531	t	\N	\N	\N	\N
12428d25-1821-4b3c-b4a6-8cdb9d580f88	1760ad65-52a2-4f54-98cc-9c0df824384d	Platinum	500	checked_in	Aadhira	2026-05-04 18:03:08.207743+00	Afrin	+919962605229	organizer	3	\N	sent	\N	2026-05-04 18:03:08.723+00	3	442	t	\N	\N	\N	\N
24935424-617b-481a-8f7a-9c01f5188620	1760ad65-52a2-4f54-98cc-9c0df824384d	Platinum	500	checked_in	Sudhakar	2026-04-21 01:55:01.878538+00	Jenny	+919884057207	organizer	1	\N	sent	\N	2026-04-21 01:55:03.408+00	1	53	t	\N	\N	\N	\N
22394ac6-3805-47b7-95d5-537974df0204	1760ad65-52a2-4f54-98cc-9c0df824384d	Platinum	500	checked_in	Priyadharshini	2026-05-01 06:31:30.421064+00	Roshini	+917639760002	organizer	1	\N	sent	\N	2026-05-01 06:31:32.795+00	1	313	t	\N	\N	\N	\N
9c56e7b2-ed2d-4e21-8f3c-a8d5d193d0a0	1760ad65-52a2-4f54-98cc-9c0df824384d	Platinum	500	checked_in	Sandhya	2026-04-30 10:18:45.911235+00	Ramya	+919940510289	organizer	2	\N	sent	\N	2026-04-30 10:18:47.363+00	2	288	t	\N	\N	\N	\N
f1d3eb8a-4e9d-4ebb-9251-120f477250eb	1760ad65-52a2-4f54-98cc-9c0df824384d	Platinum	500	checked_in	Arumugam	2026-04-28 09:48:23.463916+00	Yuva	+918939679410	organizer	2	\N	sent	\N	2026-04-28 09:48:24.102+00	2	235	t	\N	\N	\N	\N
d26c1fa7-da47-4c24-94ba-ad9e909b04a7	1760ad65-52a2-4f54-98cc-9c0df824384d	Platinum	500	checked_in	Sundar 	2026-05-02 12:49:05.521351+00	Ramya	+919710303170	organizer	3	\N	sent	\N	2026-05-02 12:49:06.9+00	3	347	t	\N	\N	\N	\N
a3c46c21-8513-4ce9-ba03-27388809264f	1760ad65-52a2-4f54-98cc-9c0df824384d	Platinum	500	checked_in	Karthik Ajay Kanagaraj	2026-05-04 18:03:05.241012+00	Afrin	+917339666171	organizer	1	\N	sent	\N	2026-05-04 18:03:06.826+00	1	415	t	\N	\N	\N	\N
dbee42fd-5901-44d8-8692-fd76851b701d	1760ad65-52a2-4f54-98cc-9c0df824384d	VIP	0	checked_in	Ramanathan 	2026-05-09 07:20:38.878552+00	Arun	+919894354867	organizer	2	\N	sent	\N	2026-05-09 07:20:40.009+00	2	771	t	\N	42	\N	\N
40637737-13ba-415a-97f8-159cd74d7952	1760ad65-52a2-4f54-98cc-9c0df824384d	Platinum	500	checked_in	Mrs.Kavitha 	2026-04-25 10:59:59.007477+00	Babitha	+919490703928	organizer	2	\N	sent	\N	2026-04-25 10:59:59.691+00	2	175	t	\N	\N	\N	\N
3c2829da-daf4-45e5-918d-9d904d083a27	1760ad65-52a2-4f54-98cc-9c0df824384d	Student	200	checked_in	Sasirekha 	2026-05-09 07:26:17.952717+00	Ramya	+917994053124	organizer	2	\N	sent	\N	2026-05-09 07:26:19.223+00	2	772	t	\N	\N	\N	\N
aad203e4-8cb8-49cf-b9aa-884a18d0bc79	1760ad65-52a2-4f54-98cc-9c0df824384d	Platinum	500	checked_in	Karishma	2026-05-08 03:55:03.364483+00	Christy	+919788215000	organizer	2	\N	sent	\N	2026-05-08 03:55:05.749+00	2	663	t	\N	\N	\N	\N
881b2d72-cb3e-4f10-9a20-7c75d5362415	1760ad65-52a2-4f54-98cc-9c0df824384d	Platinum	500	checked_in	Varsh	2026-04-27 11:20:55.093521+00	Preetha	+919677102130	organizer	2	\N	sent	\N	2026-04-27 11:20:55.41+00	2	207	t	\N	\N	\N	\N
a794f4ab-430a-4110-bd54-5656bdb361c5	1760ad65-52a2-4f54-98cc-9c0df824384d	Platinum	500	checked_in	Chandra kala	2026-05-09 09:55:53.326296+00	Vishwa	+917823989073	trust	1	345886879891	sent	\N	2026-05-09 09:55:52.423+00	1	775	t	\N	\N	\N	\N
31e2069e-7762-4ae4-9178-1a47f0698057	1760ad65-52a2-4f54-98cc-9c0df824384d	VIP	0	checked_in	Uma	2026-05-09 08:46:14.494669+00	Christy	+919940668487	organizer	2	\N	sent	\N	2026-05-09 08:46:16.106+00	2	774	t	\N	44	\N	\N
1e3700fb-666c-43a9-9797-2b0b2af7e343	1760ad65-52a2-4f54-98cc-9c0df824384d	Platinum	500	checked_in	Santhosh	2026-04-21 10:33:18.260211+00	Christy	+919442581114	organizer	2	\N	sent	\N	2026-05-09 07:41:20.967+00	2	77	t	\N	\N	\N	\N
060e5559-afff-4635-b576-4537f47bbf3f	1760ad65-52a2-4f54-98cc-9c0df824384d	Platinum	500	checked_in	Jsyashree	2026-05-07 10:05:02.972982+00	Yuva	+918754493140	organizer	6	\N	sent	\N	2026-05-07 10:05:04.714+00	6	568	t	\N	\N	\N	\N
15ac1801-2f4b-425e-922e-d98909bcfe91	1760ad65-52a2-4f54-98cc-9c0df824384d	VIP	0	checked_in	Diya Foundation	2026-05-09 06:08:18.70263+00	Christy	+919791162626	organizer	4	\N	sent	\N	2026-05-09 07:37:15.477+00	4	770	t	\N	41	\N	\N
3d7f550a-b834-4f2d-a34f-a72fda52c4ce	1760ad65-52a2-4f54-98cc-9c0df824384d	Donor	1000	booked	Joe	2026-05-10 13:21:04.071068+00	Jenny	+919894289459	organizer	5	\N	sent	\N	2026-05-10 13:21:06.183+00	0	777	t	\N	\N	\N	\N
75a0be6d-96e3-4775-97b6-f4518f0b5d59	1760ad65-52a2-4f54-98cc-9c0df824384d	Platinum	500	checked_in	Ramya	2026-05-08 15:42:44.68255+00	Vishwa	+919688224935	trust	9	612828815582	sent	\N	2026-05-08 15:42:44.82+00	9	743	t	\N	\N	\N	\N
00010256-1861-41d0-ae8a-234a144b72c6	1760ad65-52a2-4f54-98cc-9c0df824384d	Platinum	500	booked	Pandiyan	2026-05-06 10:52:22.88913+00	Ramya	+919551201023	trust	5	612621648484	sent	\N	2026-05-06 10:52:24.069+00	3	516	t	\N	\N	\N	\N
784914a1-f918-4219-8cfc-a64d64df87ad	1760ad65-52a2-4f54-98cc-9c0df824384d	Platinum	500	checked_in	Vinoth K	2026-05-01 05:25:25.683255+00	Yuva	+919840956000	organizer	9	\N	sent	\N	2026-05-01 05:25:27.8+00	9	312	t	\N	\N	\N	\N
3e33bff1-7ce7-4948-a131-692206554c5c	1760ad65-52a2-4f54-98cc-9c0df824384d	Donor	1000	booked	Youvanesh	2026-05-11 05:47:20.630544+00	Vicky	+919894497297	organizer	1	\N	sent	\N	2026-05-11 05:47:22.149+00	0	778	t	\N	\N	\N	\N
a6eeadea-fdaa-410d-95fe-a5736cb65f34	1760ad65-52a2-4f54-98cc-9c0df824384d	Donor	1000	booked	Revathi 	2026-05-12 06:50:21.777699+00	Christy	+918220212079	organizer	3	\N	sent	\N	2026-05-12 06:50:23.536+00	0	779	t	\N	\N	\N	\N
e2f44a33-7bc4-4141-a462-ba09d5858e8a	1760ad65-52a2-4f54-98cc-9c0df824384d	Donor	1000	booked	Ishaq	2026-05-12 06:51:48.508271+00	Christy	+919884799967	organizer	1	\N	sent	\N	2026-05-12 06:51:49.463+00	0	780	t	\N	\N	\N	\N
6a79f24e-9f53-4ddc-abb1-9f46659517ba	1760ad65-52a2-4f54-98cc-9c0df824384d	Donor	1000	booked	Nalini	2026-05-12 06:53:01.155113+00	Christy	+919566109709	organizer	1	\N	sent	\N	2026-05-12 06:53:01.955+00	0	781	t	\N	\N	\N	\N
6d433a59-3733-4f9e-9476-646a1e697871	1760ad65-52a2-4f54-98cc-9c0df824384d	Donor	1000	booked	John	2026-05-14 09:45:29.363716+00	Jenny	+919952958132	organizer	1	\N	sent	\N	2026-05-14 09:45:32.284+00	0	782	t	\N	\N	\N	\N
\.


--
-- Data for Name: ticket_checkins; Type: TABLE DATA; Schema: public; Owner: postgres
--

COPY "public"."ticket_checkins" ("id", "ticket_id", "count", "checked_in_name", "staff_name", "created_at") FROM stdin;
4a528163-44f8-42b4-8ea3-dded23b76069	68cbc9d2-fa7b-43a9-abee-70852f95f2fb	1	Sanjay	\N	2026-05-09 10:45:10.698991+00
c9e370af-1c41-4cc6-bcc9-608b676733d8	ac56bfd1-999a-4fb2-960f-cb1f485e6c0d	1	Deepti	\N	2026-05-09 10:45:27.792273+00
9208bc33-476e-493a-9b2f-1201eed948b4	6e6d03b9-9b79-44f1-b1f6-415b5c32eeee	1	Sanjay	\N	2026-05-09 10:45:34.082639+00
8f96020b-541e-4bb9-b2af-5b96b9a81215	b3674414-9fac-445f-97c4-358d48e8ecc2	1	Deepti	\N	2026-05-09 10:45:41.924267+00
6230160c-b2ff-4a87-ba92-8a4dca1de752	62d63db0-97aa-41f5-abbb-f2eb12116f59	1	Varshitha	\N	2026-05-09 10:45:48.902072+00
ad013e85-1cb0-41e6-ba7c-8fe5a14e8138	12428d25-1821-4b3c-b4a6-8cdb9d580f88	3	Aadhira	\N	2026-05-09 10:45:49.05126+00
83c30ea9-162b-4551-9b8a-546559528507	d1e74345-b02d-413a-84ae-4c498ccadca9	2	Tejashree	\N	2026-05-09 10:46:21.745069+00
c72a0a6f-3ebe-403b-921b-c6b4a11a5f8f	e10cf60f-7c86-4a3c-9536-7dafba050310	2	Kushwanth Hayan	\N	2026-05-09 10:46:36.865835+00
e5c94a0a-d5a6-45b2-8792-3953297ee08a	7b2592af-0faa-42c5-b7f8-b13e5e5dd62b	2	THAMIRA	\N	2026-05-09 10:47:17.244836+00
8b579cfe-ad12-4f8a-9f09-9c8d6e7e4380	f301ca73-3014-4dcc-951d-c53c2fd348e9	3	Siddhiksha	\N	2026-05-09 10:47:22.098988+00
04efd88e-0cf1-4b34-94c4-5939a02868aa	42ab89fa-7c0c-4a2a-85b4-a8b9986d88c0	2	Pragnay	\N	2026-05-09 10:47:25.785252+00
63f4ed6e-6c1f-4496-8f3f-e34c82077ce7	50aab2c0-522a-46e6-8972-2d3efa664aeb	4	Sivakumar Prabhakaran	\N	2026-05-09 10:47:34.835163+00
1eb88884-f3b2-4666-b558-5038e48e9ee3	063f0514-2173-4c20-9818-e2985bec1e15	2	Bhagyashree	\N	2026-05-09 10:47:38.377391+00
1223ede3-f384-4ce8-807b-eddc38c1d4d2	28411dbb-001b-48c9-b9d9-cc7bfede408b	3	Prisha	\N	2026-05-09 10:47:53.99509+00
843e3cbd-03cc-4326-b61f-c35da7adb08f	03addaf7-25bb-447f-b582-a578934480b5	2	Kanchana	\N	2026-05-09 10:47:59.292891+00
0fc0af9a-c5b6-49b8-ad54-ba036b68a6d6	35519135-6561-48bc-b458-b93c815f6b3b	1	Kanchana	\N	2026-05-09 10:48:05.412843+00
a6146383-2ba0-4051-a2f8-280dfd0cb0e3	f72fc432-e640-4ea7-a8a8-9c1451763b14	2	Prabhu Govindan 	\N	2026-05-09 10:48:20.736618+00
852cbaee-e4cb-4172-8acb-9629cb9cc9f6	75a0be6d-96e3-4775-97b6-f4518f0b5d59	2	Ramya	\N	2026-05-09 10:49:08.004204+00
e9729d70-75d3-49a2-9457-c83540d7091a	71c47c4c-9bc2-4e39-94c7-d1c3c1b47e0f	2	Athiyuga	\N	2026-05-09 10:49:31.058587+00
98cde1d6-efa9-4d3f-9bce-14166eeefad5	b13f3f2e-fb4d-438c-b67e-2331481563ee	3	Samitha	\N	2026-05-09 10:51:03.354757+00
54f03afd-d758-4070-8006-84d1aa94e9ee	55838305-f9cc-40b1-a9b3-b3210bffa9a9	2	Krishnapriya 	\N	2026-05-09 10:51:10.527564+00
6987b552-b0fe-477b-8a32-756a881cc7c3	060e5559-afff-4635-b576-4537f47bbf3f	1	Jsyashree	\N	2026-05-09 10:51:11.489408+00
8c9a3d5c-a1dc-4e30-93ae-97bbec496a0b	92c037ec-71da-4064-a79f-5751aef84a25	2	Vedi Smriti	\N	2026-05-09 10:51:16.051012+00
a074587c-abd2-49d3-a0d2-257bdae12a9a	bbe61a85-e313-4561-b2e4-78de2b4b4f6f	4	Kanishka	\N	2026-05-09 10:51:23.204931+00
9c009196-d0ae-42bf-8dd9-906e3d876fbb	13c98471-f9b9-41e8-8e4a-5fdbc5a13560	2	Rithwik MR	\N	2026-05-09 10:52:15.002133+00
db24c99e-c0d7-42ce-86f1-f2c2e9147e8f	f79dbc58-f637-4946-afb5-fddc69faff03	1	Kanishka	\N	2026-05-09 10:54:15.845581+00
6d275438-3e34-436c-ba58-a6c0a8844d94	7360718a-b872-4f19-b923-96db77061e59	2	Sudhakar	\N	2026-05-09 10:54:59.730587+00
757789c4-a5d3-4571-ab25-1ed9c1f7a210	24935424-617b-481a-8f7a-9c01f5188620	1	Sudhakar	\N	2026-05-09 10:55:04.894668+00
0a312a27-2d78-4999-aa6c-71e12cf6a966	5a72c9b5-949c-45fc-8738-f33787c268ee	2	Malathy	\N	2026-05-09 10:56:21.44542+00
cb5bbf34-635f-4b1a-81bc-f379e6544cbc	d1422e9e-9e59-4c4f-836f-f9e5898ad6c6	1	Kailash	\N	2026-05-09 10:56:30.035765+00
7a66a08d-75ac-46ef-b588-099c25348bad	d1422e9e-9e59-4c4f-836f-f9e5898ad6c6	1	Kailash	\N	2026-05-09 10:56:32.849616+00
ff47f124-9ceb-468c-836a-d7c17247a243	e3fb344b-164c-4c48-bbf3-c47c6656e911	1	Kailash	\N	2026-05-09 10:56:37.684236+00
9118300e-f554-4d85-b0c0-c81a8ea70c0e	b1b31814-762c-427a-86d5-bd94cfcaabd1	1	Purushothaman Krishnamoorthy 	\N	2026-05-09 10:56:46.966331+00
3c6cc4c9-49a7-44c7-83ab-d31d59e1072e	f49d20e4-a4a3-4791-9373-474afb30fcdd	1	Balaguru	\N	2026-05-09 10:56:54.129411+00
b59d4d4f-614f-4489-8849-82beb1c5b978	5ec683f9-aa48-419f-a6c6-447874573b2c	3	Sarvesh	\N	2026-05-09 10:57:12.660353+00
5ac7843e-7bb7-4556-9b9e-1aebb0a81a94	cc7faa1a-8d35-46e7-8f39-a81713ffda65	3	Subhikksha	\N	2026-05-09 10:57:21.078582+00
aec44bd2-805c-4a7d-990a-21047c4420d4	1fcbefc2-760c-49aa-ad36-468a303d1949	3	Josna	\N	2026-05-09 10:57:48.345275+00
64c94829-6083-4e98-be15-336d5b996821	0fc32df1-34db-4d01-9dc6-f68d992bd5ca	1	Subhikksha	\N	2026-05-09 10:57:59.198232+00
02c73404-723b-4fb3-bf0c-3f5e691ee7a3	9bec10da-1e71-4dfd-85e3-f8a2589860e9	2	Vasundhra	\N	2026-05-09 10:58:05.677464+00
781b4a3a-d6ac-40d7-a654-2007269a07d1	9e7335f5-f299-4ce8-8754-c7f3a6fd4d9d	2	A s kamali	\N	2026-05-09 10:58:06.532672+00
595989c4-f580-412d-a7ed-fc0f0f8237c7	76acea2e-d7c7-456b-bb01-1adfa7f92c4a	2	A s kamali	\N	2026-05-09 10:58:27.567453+00
211ac409-e6ed-47af-94cc-778f74e396d5	98613f40-1745-4b41-90ea-b718f92bfddd	1	Elakiya	\N	2026-05-09 10:58:32.993314+00
bf879416-f0a6-475a-8f86-e10f2c1043e7	98613f40-1745-4b41-90ea-b718f92bfddd	1	Elakiya	\N	2026-05-09 10:58:38.107744+00
b0a9c784-4738-4519-8bee-b62d91dd0ce5	22394ac6-3805-47b7-95d5-537974df0204	1	A s kamali	\N	2026-05-09 10:58:45.711063+00
efab1323-3c8c-41b1-9f4e-b8dbb02b5a69	1876d0df-cc67-4ae1-948c-37634d835eb4	2	Vahneeswari	\N	2026-05-09 10:59:06.573706+00
1b23c6e1-8ff8-4fa6-9539-42769dde0728	9c56e7b2-ed2d-4e21-8f3c-a8d5d193d0a0	2	Sandhya	\N	2026-05-09 11:00:08.034926+00
a09069c6-7db5-4aa7-ab4f-da73ae773efb	17cc4b28-885e-4bf6-ac01-29cc69d41672	5	Kavinmathi	\N	2026-05-09 11:00:12.563042+00
22ce075a-478a-4a8f-9c87-653e55f64258	208dc75d-d810-4f95-9a90-8ca68d283fb8	3	Rithvik	\N	2026-05-09 11:00:32.712138+00
1a510f96-36e4-4311-9ee3-8b14689af831	e90ae0d0-4b00-4daa-ba22-8fdacb933d24	3	Teena	\N	2026-05-09 11:00:41.046189+00
e0648c74-19bc-4f6a-88d9-29b12e5a36cf	08e2ce1e-b655-48c8-b68e-14128be3edc5	4	Sanjay	\N	2026-05-09 11:00:44.622661+00
5189b363-e8b8-4b00-8421-8768aef79b56	864df661-2d96-4562-8e91-11fe02f99440	2	Mehareen	\N	2026-05-09 11:00:51.584801+00
982f617b-4ea4-467c-abeb-31b046db1d59	78e0015e-3df7-428c-bc00-93fc9ca9b9c5	1	Mehareen	\N	2026-05-09 11:01:01.730329+00
66d10b55-acc3-4c97-8b36-31eb0a477be6	0e028073-2f80-4c42-94b9-2819550c24e2	5	Tamilselvan	\N	2026-05-09 11:01:14.951299+00
9e8331c2-def4-41ac-bb0b-3f1124f4d007	0f707d13-5353-4010-886c-a7b41ed2d367	3	Mr. Palani	\N	2026-05-09 11:01:45.712742+00
e8b61a75-c8e2-40bd-b90a-bad0c8ef0ccb	d1008c87-0d3e-44e8-b6d6-fbb1373c02a5	2	Aishwarya	\N	2026-05-09 11:02:21.754325+00
2834fb4d-a62c-44de-a8bf-be7aa6477c09	16a65825-13f8-4095-b654-382c4856e3e4	2	Kaarunya	\N	2026-05-09 11:02:24.919989+00
45a0a529-c4fc-469f-81a6-17ecb4feb345	d1008c87-0d3e-44e8-b6d6-fbb1373c02a5	2	Aishwarya	\N	2026-05-09 11:02:25.753924+00
b51dd038-7f03-46c1-8559-f7291c456ed5	f1d3eb8a-4e9d-4ebb-9251-120f477250eb	2	Arumugam	\N	2026-05-09 11:02:37.517666+00
bf3fe6c2-48fa-465a-87e3-364a8341de78	58e41fac-f907-4e24-9a9c-6c6b0ac49df8	3	Jeniffer	\N	2026-05-09 11:02:53.958442+00
d17803ab-ab57-409a-b417-7ed0c21b0ee3	0cfd7e2e-1484-4fa7-9088-7c681ae5fc5b	2	Neathrasri	\N	2026-05-09 11:03:18.10396+00
f79cd8b3-c1bf-43d6-b145-f8653c85aa47	8e9d2107-760f-4ce7-b74f-14b8ec838941	3	Ramakrishnan	\N	2026-05-09 11:03:22.318908+00
d4c4e35e-f5ef-4ebc-9f21-9b2f9e8c5760	55838305-f9cc-40b1-a9b3-b3210bffa9a9	1	Krishnapriya 	\N	2026-05-09 11:03:55.840429+00
1a263599-d0c6-4bd8-9383-a7acb8100aec	8e329d0d-e979-4be6-9a5c-0f1e21dac40e	3	Sudharson	\N	2026-05-09 11:04:09.920299+00
e0948eb7-0348-41aa-b304-aebc9ad26219	8e329d0d-e979-4be6-9a5c-0f1e21dac40e	3	Sudharson	\N	2026-05-09 11:04:13.504728+00
4eeb1091-4daa-450f-a1ce-ce4a516af38a	ac14078b-dba2-4927-a6a6-ac10096761df	2	Deeksha	\N	2026-05-09 11:04:13.594593+00
f3ebc149-5253-4e9f-a371-5b42bfbea378	d26c1fa7-da47-4c24-94ba-ad9e909b04a7	3	Sundar 	\N	2026-05-09 11:04:25.647827+00
f8a13058-bf2e-46c6-bacb-848da55fbfdb	4d451386-5dbf-4719-95ea-17d7510c367d	3	Neerav Midhun	\N	2026-05-09 11:05:12.134935+00
2d419530-d06f-43df-a386-2e98eaf921aa	d6d449ac-3212-4c5c-a018-012b2b14be75	1	Jovita	\N	2026-05-09 11:05:51.183462+00
ea3e1509-1fba-4f74-9756-9f04ffec78ff	d6d449ac-3212-4c5c-a018-012b2b14be75	1	Jovita	\N	2026-05-09 11:05:56.26617+00
3aba2afc-d58b-4270-92c9-864f9692d76b	ffddecce-e3ab-46d3-a7c3-aab47ed62807	2	Varunkrishnan	\N	2026-05-09 11:06:04.739044+00
ca77a1a9-6c5d-45b7-84fa-8d3a0f7ede82	a3c46c21-8513-4ce9-ba03-27388809264f	1	Varunkrishnan	\N	2026-05-09 11:06:09.941898+00
e02f1630-4036-480d-87e9-af353a78652a	060e5559-afff-4635-b576-4537f47bbf3f	1	Jsyashree	\N	2026-05-09 11:06:12.912192+00
9d0a3ea4-b7f9-40ff-bab8-aeae9c80f6b2	060e5559-afff-4635-b576-4537f47bbf3f	1	Jsyashree	\N	2026-05-09 11:06:17.138111+00
9aa0dae2-0ed1-432a-bfc6-fb48abc48577	a52f8842-01aa-406d-8b11-863655cf2df0	1	Karthik Ajay Kanagaraj	\N	2026-05-09 11:06:33.716093+00
b87339ab-5ef7-4f73-86a7-329a505d2ff7	40637737-13ba-415a-97f8-159cd74d7952	2	Mrs.Kavitha 	\N	2026-05-09 11:06:44.796426+00
d44342ed-4efc-4b51-a7c1-7ea5753fb228	01d365ee-43bc-4539-b116-67df75ae1541	6	Kavitha	\N	2026-05-09 11:07:17.868675+00
b108cab0-216f-4ece-ae9e-377365082043	9d9588de-a317-4379-ac41-1a061a998f55	2	Haasini	\N	2026-05-09 11:07:33.016833+00
c8ec5906-f5c1-415e-8784-ecd26ae91dfa	395609d0-dc95-4c80-8a77-7494e69fdade	1	Haasini	\N	2026-05-09 11:07:45.826316+00
73596bc7-5efa-41a7-83ec-acac545eb74d	3edf0cf5-9fb0-4744-a2f8-a568850c5aee	3	Swara Praveen	\N	2026-05-09 11:07:55.831645+00
8311baca-33bf-44b5-9008-1ca4286b6328	23e5a580-a1d5-4e6a-89b6-2ce295013bfc	1	Srimathy	\N	2026-05-09 11:08:12.327997+00
26744af9-030e-4f2c-a848-49d9c1764148	b198e317-89ae-446b-b89a-6c02b7fa9b6c	1	Anitha K A	\N	2026-05-09 11:08:23.003048+00
f3fcc234-88c0-43f8-9b20-9b42e8a05df2	3130b568-f4ef-4ebd-bdcf-ec1d5be76fe1	3	Samishka	\N	2026-05-09 11:08:38.290044+00
3d089807-fcbb-4887-ad1e-0ce247e8f4b1	f72fc432-e640-4ea7-a8a8-9c1451763b14	4	Prabhu Govindan 	\N	2026-05-09 11:08:49.968762+00
1bb5051c-f26d-42b6-84ba-5749dfe6046f	4eb1c3bf-4c3d-45f9-af09-5e6cb0109178	3	Jasritha	\N	2026-05-09 11:08:53.657626+00
1e8449b4-068c-4289-a543-23c5cff4b707	d0aab7de-2941-43d4-a658-c3e103b141a3	3	Surendher babu	\N	2026-05-09 11:09:08.491302+00
8a0c36e1-dca6-4f21-aad7-041cbd808fe6	5aad44cf-3167-4811-9082-4a21e6357069	2	Mirunalini 	\N	2026-05-09 11:09:18.594691+00
1225177c-7802-4a28-b781-b1e27d9d2009	2376ee47-7b77-47cb-b292-825628ba9350	2	Koshy Elias 	\N	2026-05-09 11:09:34.418289+00
a4bff007-1999-4818-9033-28217544592f	d5b53b3a-760e-4b4a-825a-6111540dad05	3	Nishanth 	\N	2026-05-09 11:09:52.733374+00
417bf6a0-57e6-4420-93b9-f3a1235429ae	00010256-1861-41d0-ae8a-234a144b72c6	1	Pandiyan	\N	2026-05-09 11:09:59.919797+00
fee0f814-d5c2-4d79-a222-efe954502313	84aac15d-f8c3-448c-bc0d-5a6580c44d5c	1	Nishanth 	\N	2026-05-09 11:10:13.276609+00
c313fab4-98b7-472c-9d75-7968cfbdc583	5e692ae9-9402-4c8f-aa37-c838375781e0	1	Pandiyan	\N	2026-05-09 11:10:16.479211+00
fa148684-de77-44c5-a0d4-04d6e02ab865	54b975af-5bd8-46df-a945-cdb1c1940f71	2	Balaji	\N	2026-05-09 11:10:26.245197+00
f3360552-3f77-417f-a030-cde92135dc87	3c2829da-daf4-45e5-918d-9d904d083a27	2	Sasirekha 	\N	2026-05-09 11:10:36.148916+00
329e2572-3630-4b06-a4e7-fdf070aef936	8bd6e910-0fa2-4031-9c00-25bd8f29d89c	4	Madhumitha	\N	2026-05-09 11:10:58.145336+00
356e01b1-9bfb-454c-bece-eef15f730ea0	0d832156-5ea9-4f84-b6a0-5e758850fd24	2	Saisaarah	\N	2026-05-09 11:11:07.033739+00
5b386b80-fe57-424f-bdea-def630d1f19e	8bbde5dd-e0ee-42f4-bd1f-35cb167600c2	1	John	\N	2026-05-09 11:11:19.819539+00
b00b78e4-86c2-49c7-8db5-61ce6f7b0cce	e8c436a2-9c10-40e1-8823-a8129f5b50b7	3	Vaishu	\N	2026-05-09 11:11:55.313013+00
a406157a-f86f-4393-8630-44341e13f498	4758e3c5-7d94-47b7-9dce-347dede0cce4	1	Balaji	\N	2026-05-09 11:13:54.935348+00
9ac6dd06-6703-48bd-9f4a-91cb072595a1	6cc12bea-8484-4b62-b900-c19a7606ee42	1	Balasubramaniam	\N	2026-05-09 11:14:53.075027+00
1f4e9e47-c280-42f5-9a8d-86f7b548c4e7	d176ea85-142c-43d3-bfcc-8391f80b1ca2	2	Sukanya	\N	2026-05-09 11:15:55.245394+00
02937f2d-a785-4994-8b56-71b6c718a765	304c633b-6358-446e-8e30-4e31e2ea5715	4	Karthik	\N	2026-05-09 11:15:59.032487+00
7d68371f-ec6b-48eb-9d50-1e6f4602d4e5	e90e98f7-0964-45e3-b052-59dd81f4df7b	2	Rani	\N	2026-05-09 11:16:13.068105+00
2a0866fe-9fb9-4c0c-967d-2c7926434a41	9df72444-6d79-4860-aa89-5b87bf95d3ed	5	Ms. Emora mercy	\N	2026-05-09 11:16:56.832197+00
a4cfd56c-5b6f-4e7b-a40d-35d94dd488e9	c7f7fcf6-15ff-4456-9653-40436818797b	3	Ratheesh 	\N	2026-05-09 11:11:20.839443+00
d78066e1-cd9a-4ed7-b45c-7b0d7dbbb521	7572d782-9f57-40e1-b600-e77f3f73f7ca	3	Suganthan	\N	2026-05-09 11:11:34.448448+00
a4182e5f-db3c-4f26-82db-0bf4db4f95d0	aad203e4-8cb8-49cf-b9aa-884a18d0bc79	2	Karishma	\N	2026-05-09 11:11:41.247536+00
116c5e06-3118-4400-9678-29d7438519cc	881b2d72-cb3e-4f10-9a20-7c75d5362415	1	Varsh	\N	2026-05-09 11:12:50.03258+00
d301267d-4683-450f-a7a3-5fc93431e7b6	f033f6a1-0409-41d0-b8dd-163c980e30b1	1	Pavithra	\N	2026-05-09 11:12:52.916933+00
5c48dd54-7ba9-4992-b013-3cc1c78902ca	881b2d72-cb3e-4f10-9a20-7c75d5362415	1	Varsh	\N	2026-05-09 11:12:53.389446+00
592222ad-834c-44b2-8ccb-2a675e1ac143	2a23339a-f14a-4c43-89c5-a89501772afe	3	Lokesh	\N	2026-05-09 11:13:00.163472+00
13e8decd-fd6a-42fa-afa9-9f93c1450a0a	76f46ba0-ba5f-4162-a763-8ef076422056	4	Balaji	\N	2026-05-09 11:13:07.748944+00
02137a3b-6683-487e-9abb-8facba1126d8	0699c10c-5730-4341-9bab-64761b4644aa	2	Preethi	\N	2026-05-09 11:11:53.871272+00
f318adc4-2913-4be8-b04a-9f90922b5eae	0476fbeb-068f-4d57-9abb-a06cdd3435af	2	Vaishnavi RK	\N	2026-05-09 11:12:16.598205+00
b5454606-085f-4579-ad41-4daf020fc50d	a055a4ae-709d-44e9-85a7-9839ec7bf7b3	4	Chandru	\N	2026-05-09 11:12:41.342069+00
b820626a-d268-47dd-b47f-fdd68a72d44c	5ec683f9-aa48-419f-a6c6-447874573b2c	3	Sarvesh	\N	2026-05-09 11:13:20.683751+00
706136f5-df25-43a7-ab75-8053d8056f97	6a9a5882-de3d-43ff-b325-055c4308c458	2	Nila	\N	2026-05-09 11:14:00.994449+00
ff42aa54-927a-4e52-88bc-f7f260257b3a	ebad84b8-c172-4ff1-bd72-7600d3e59a5f	1	Mr.Ashok 	\N	2026-05-09 11:14:09.222079+00
8c8913b6-ee9a-4fd3-8f04-f44da39192e4	3000d85c-5cdb-42ca-b8ad-b8e8b786314e	1	Varsh	\N	2026-05-09 11:15:45.466885+00
6d04ad23-e08f-4b27-96f5-423ae8cfcf22	23755fd5-7659-4193-9a30-fd4c55d4da6b	3	Freddy	\N	2026-05-09 11:16:26.451471+00
1b4adc3f-2ddc-406a-b066-3c9efa0ec5c0	81658a38-8ae2-45b4-bb3a-09524f0f7854	2	Balasubramanian	\N	2026-05-09 11:12:20.98719+00
b429b30c-3e82-493d-91fd-93541a8922bd	5ec683f9-aa48-419f-a6c6-447874573b2c	3	Sarvesh	\N	2026-05-09 11:13:17.168181+00
40d6120e-69ef-4ba0-ae82-307643e1b041	6a9a5882-de3d-43ff-b325-055c4308c458	2	Nila	\N	2026-05-09 11:14:04.654373+00
7bdf7ddc-9cf2-4827-a319-f75d75d3a2f5	29ee1747-87f8-4929-ba34-1acea36e9e2c	3	Manikandan S	\N	2026-05-09 11:14:14.620842+00
3877bce8-21e0-4789-9a3c-d2845ff646ee	cd9d7f34-4d85-4456-923f-8377e11ebf8c	6	Balasubramaniam	\N	2026-05-09 11:14:27.470244+00
d8384497-38db-4486-97d1-ec0227c59d3d	5a3d4462-5f12-49c5-bc7b-fbb1fb8a4bb9	2	Raghu Rajadurai	\N	2026-05-09 11:15:17.630575+00
4853d261-8dd2-41d4-9530-6e4906547b3a	52d65b67-78b2-4be5-ab5d-9d8ec87e1097	1	Raghu Rajadurai	\N	2026-05-09 11:15:23.119818+00
97f1d797-3254-4e43-bcf5-e3b910e0ecfb	cb58c44f-6f8b-469b-8f26-ff507237dc0f	2	Suganthan	\N	2026-05-09 11:17:35.374911+00
a7ec4067-12c2-4fcf-97f8-ae9266ba4e0f	81fcafc9-ebe4-4608-8a74-d9d0803513cd	1	Jagadesan P	\N	2026-05-09 11:17:48.701841+00
6a590693-d956-40b3-99bb-850b7fb8b9f0	427b0e73-d0f4-4580-bfa9-08723d877039	2	Sathya	\N	2026-05-09 11:18:42.92771+00
bb78023b-0c7c-492a-8348-43470f6c5813	51e43be0-c6dd-410e-88d9-ec6f0cb2af50	2	Shalini Robert	\N	2026-05-09 11:18:52.780766+00
67a89637-02a2-4b71-a5b3-d0c1050d26b9	4715abc6-4fff-4d78-a52a-b99ed317eb90	2	Navaneet shiva	\N	2026-05-09 11:19:06.623219+00
4f097c83-5869-4553-9099-96bc402aa0b7	81fcafc9-ebe4-4608-8a74-d9d0803513cd	1	Jagadesan P	\N	2026-05-09 11:19:18.768031+00
eac4d6f3-06b7-4863-8f8e-24c6f1a7e07c	777bfc33-905e-4a3b-9bea-df49bff72e0a	2	Mokshith  Rihan	\N	2026-05-09 11:19:45.730074+00
86b8dd33-5dad-4b42-ba87-a1377692ad28	8bbde5dd-e0ee-42f4-bd1f-35cb167600c2	1	John	\N	2026-05-09 11:20:09.115835+00
12c1011f-2ec2-44db-a1a7-71654b700d84	44cf7637-8e83-48d6-8ac0-8215bd362ecb	2	Sowmya	\N	2026-05-09 11:20:22.692472+00
eebc9a85-7722-4081-8717-1643f60dc263	e1551507-2006-4bbc-9f7e-751b76134815	1	Shalini Robert	\N	2026-05-09 11:21:32.879723+00
352c072c-2d3c-4a4d-b79a-5a5889b7aa6e	8e554563-2a83-4056-b3af-def83833ec06	1	Karthik	\N	2026-05-09 11:21:41.712624+00
c49ffb3e-02a6-4875-a0ee-f59d45d4617d	de32147d-62b4-451f-bef8-0a919f39fa5f	2	Simi	\N	2026-05-09 11:22:10.298873+00
548f4c42-fb71-40b0-a9cb-fe5759d9a218	9b22fcb9-ff6b-4e88-b33f-826f43dde2c4	3	Anu	\N	2026-05-09 11:22:26.185355+00
ebef1eb7-48a3-4582-b8a0-9e5d2128684e	058d5913-f60f-4a19-b923-c933e12dcdf3	4	Mr Gokul	\N	2026-05-09 11:23:14.540708+00
a150e492-dea6-44f0-b1a5-5e23c6d04d47	fb823e73-d4cf-4106-92de-f348d9210fa7	1	Anu	\N	2026-05-09 11:23:15.74961+00
e1c4967c-69ea-432a-aefd-d1c51aa37bc7	f9a93fe6-5bed-413d-95bd-a44d432ab9b8	4	Gangadharan	\N	2026-05-09 11:23:59.978362+00
c9917b53-3cad-428a-ae70-068de5e37653	e6742943-f962-4989-b316-9da0bde08e2f	2	Allen sunny Antony 	\N	2026-05-09 11:24:16.950427+00
6ce60aba-a93b-4691-b1b1-8d5d201d7de9	c63d92af-0439-4ddc-8880-a0f35b40983d	1	Mini	\N	2026-05-09 11:24:42.178905+00
8a41dee9-4b31-4087-bd71-eb6be06d6c50	bea37206-daf1-44af-a364-4d68f7ef7744	2	Santoshsivam	\N	2026-05-09 11:24:55.821969+00
fff60034-db34-4e81-bfee-3e756eaaa93d	0ccee5b9-02f2-42b0-b96b-71cf10d29d30	1	Jayabharathi	\N	2026-05-09 11:25:27.626393+00
7ed1d944-3a5a-43e6-9407-58244b116c83	76ce9d09-f34b-4541-a53a-5f6ff1194cfa	1	Alli	\N	2026-05-09 11:25:40.480196+00
79edf7c1-9676-48a2-ac61-496fbd944be9	b942ec32-4352-4ce2-bd76-4deeaf6536eb	1	Manju	\N	2026-05-09 11:25:50.720852+00
7a0004ef-3833-464c-9751-04b96f8db00d	d97df0ef-9577-4f95-ac44-5f388c14679a	1	Sudhs	\N	2026-05-09 11:26:02.65156+00
c41d4acf-fc7b-4bd8-9ab9-a0b22d9a4fc4	ece033fa-2f10-415f-bd72-e731b85ce211	1	Santoshsivam	\N	2026-05-09 11:26:13.379962+00
fdf87614-44b1-4598-aca2-5bc367638e70	b076d17d-ab06-4a63-b14b-0729febdd68f	1	Saraswathi	\N	2026-05-09 11:26:15.070987+00
4952c7d1-4854-4dc1-9a68-7970b49a3b0d	3889b8b1-fa21-4127-82c4-39669d7b2f4a	8	Anand	\N	2026-05-09 11:26:50.525506+00
5ef554e9-07ca-4328-b460-ac84b1ead7c7	1ea110bc-3636-4ee9-a5d3-534c0bc8541f	2	Sophia	\N	2026-05-09 11:26:54.578524+00
24f13f3f-7bff-412d-8082-7352fa798264	857c36cd-4b11-4598-ab54-49f9c18c7af5	5	Raj	\N	2026-05-09 11:27:04.300383+00
b2e57825-38c0-4873-bd8b-6df598d1223f	4100d0da-05f6-4c55-8777-c42621651288	4	Chelana 	\N	2026-05-09 11:27:16.838893+00
986d59ce-68be-4dab-881c-8ecd8d6bd604	3130b568-f4ef-4ebd-bdcf-ec1d5be76fe1	1	Samishka	\N	2026-05-09 11:27:37.687657+00
4c7cb927-d60b-47ab-9d36-3ae36aa859d8	4f902c84-93b3-4dfb-bffb-3ca7b63a4611	2	Aditi	\N	2026-05-09 11:27:53.310134+00
64ea6209-b284-443e-a354-396aea86319b	4f902c84-93b3-4dfb-bffb-3ca7b63a4611	2	Aditi	\N	2026-05-09 11:27:55.990965+00
c84480eb-f7e6-4d0c-b219-441dac49d783	55031e30-9da6-481a-abc2-aea34e26ceec	1	Dinesh	\N	2026-05-09 11:28:30.652136+00
ebde91e2-9d26-4d6f-8c13-cc1fbc805f6b	4d140079-a272-496b-8e15-2b9da9696394	1	Anitha	\N	2026-05-09 11:28:33.819749+00
9c0848ea-6f4a-42d5-924c-de9489335656	b389c517-78b0-4bae-b10c-73be06fd3a89	2	Shakthi	\N	2026-05-09 11:28:59.795964+00
32a41982-171e-4a7d-85b3-96444b39ab28	af9512c0-42af-4380-8c0e-bee064e7e62d	2	Kavinesh	\N	2026-05-09 11:29:07.184951+00
116cee6a-0789-4f89-be3f-02af84f1b2ce	ca5fc9b7-a8f5-4754-8a3c-d6bea24de81a	2	Venkat	\N	2026-05-09 11:29:12.879522+00
1a0d1b02-ddbd-4ea1-a923-0774bbe6b6f9	1a600c1c-9828-4a81-90d5-4f81255ab810	3	Kishore	\N	2026-05-09 11:29:17.587747+00
a7e5a662-21f7-442e-811a-3eae09d6b4e1	85b2deec-93c9-45b2-9d63-d06375f90642	3	Senthil	\N	2026-05-09 11:29:39.92621+00
69a68261-28ea-4067-a920-b94c7374f387	fcf73044-d085-482d-a04d-1b141a6e6764	6	Krishna	\N	2026-05-09 11:29:57.446508+00
de1556c7-772c-439b-9334-f1a1ecfbcbdd	ba4f271c-e40f-4677-a4d5-d27e45e882de	1	Krishna	\N	2026-05-09 11:30:15.108798+00
c5bef2c6-0e97-4b3a-a64a-e696e442012d	2e0cbd42-558c-42d3-9271-59fcc5de7cf8	1	Ramakrishnan	\N	2026-05-09 11:30:29.995967+00
8847786f-e497-43cc-8f1a-4cc492a7048a	f134075c-0a0c-4bd1-9568-2730d151742a	1	Venkat	\N	2026-05-09 11:30:59.453926+00
d5d9b5ee-792b-4a95-9535-c61cc285a97d	36471099-e9aa-4726-b22c-7da69d81d91f	1	Loganathan	\N	2026-05-09 11:31:06.883597+00
3656dac3-fee4-4aee-ac51-c795cd2b67a8	2f322f3b-d392-43a2-8ff5-9a41b8ef983c	1	Padmavathi	\N	2026-05-09 11:31:24.896052+00
fbcb9ae6-33b7-4b76-a9f3-9117bfc70818	ce396ab0-3573-4b5c-88e7-27d9432dc170	2	Moni	\N	2026-05-09 11:31:45.687976+00
d629ad2f-f14f-40db-b5f3-dd3f5f30af42	ce396ab0-3573-4b5c-88e7-27d9432dc170	2	Moni	\N	2026-05-09 11:31:47.623353+00
be296954-b447-4390-9b03-da267f8e0748	c0f1c1c6-dd0f-4f2f-8b5d-30ddc2c0c294	7	Wilfred	\N	2026-05-09 11:31:48.977322+00
d28d99ce-0d5f-47d2-9b82-ab26b33af626	f033f6a1-0409-41d0-b8dd-163c980e30b1	2	Pavithra	\N	2026-05-09 11:32:03.915412+00
c6982840-23bf-403c-96eb-c79031d1f912	653051b9-4c4c-4a2a-bb03-3358763a85e8	4	Varshini	\N	2026-05-09 11:32:18.122716+00
19930cae-6fbc-44d4-ab80-692e0bd3b42f	57f89fcc-e850-4e68-8c56-6e04ccdbdbab	1	Varshini	\N	2026-05-09 11:32:55.810673+00
760cf144-4b64-4d55-93e4-0de2e6bbd182	94f09f41-6b92-40b0-aca8-8a4336621079	1	Sukanya	\N	2026-05-09 11:33:07.328054+00
47a1dde8-601d-4b48-8bce-fd70243f1eb7	dc018b25-908a-4245-b5fd-2a5f5a4ba07f	1	Sarula	\N	2026-05-09 11:33:30.871681+00
e72c141d-5cdc-4fb1-a7a2-3e73f8048f5c	49527947-4fe6-40c1-8436-9ba65e3770a8	1	Manjeeth	\N	2026-05-09 11:34:54.800011+00
b39d970b-5c88-4e3f-bb7b-62007c57b2a5	d43d184c-5f54-439c-ab68-f79d3003614d	1	Cupo 	\N	2026-05-09 11:36:12.649718+00
0213c881-a067-4010-857e-333c73a34958	4a1a5e01-8f76-4205-9b1e-7ad42f217974	2	Sameedha	\N	2026-05-09 11:36:56.789914+00
156555a7-182d-447d-9ebe-0b2a81f191c8	7fecaff2-bb23-4376-9352-cf8bb501b542	1	Sameedha	\N	2026-05-09 11:37:10.738678+00
d5f33549-5942-4bb9-83dc-b6fbf54df59e	72966909-3733-4c40-a9ae-63614d753892	1	Shyam 	\N	2026-05-09 11:37:49.273561+00
bfdba40b-6987-47f2-aa51-ecbb5af5ab74	72966909-3733-4c40-a9ae-63614d753892	1	Shyam 	\N	2026-05-09 11:37:50.987673+00
dd08ea4a-78c5-4391-85d1-47968c111b25	060e5559-afff-4635-b576-4537f47bbf3f	2	Jsyashree	\N	2026-05-09 11:38:00.535996+00
44ebacb0-ca2b-487d-9346-de48e9d7494e	f79dbc58-f637-4946-afb5-fddc69faff03	2	Kanishka	\N	2026-05-09 11:38:08.483823+00
95c21c4e-d29c-4028-a699-12070dc6aa70	d489893a-e580-47f8-90b8-cbe0af8af7c8	4	Priya	\N	2026-05-09 11:38:31.130584+00
09ea7c2a-0c24-40bd-95bb-baf595ed157f	dbee42fd-5901-44d8-8692-fd76851b701d	2	Ramanathan 	\N	2026-05-09 11:38:46.883107+00
be05efa1-ce53-40df-8803-d4deb256eb99	f71a208f-bef4-4746-b16d-ab772961196f	1	Priya	\N	2026-05-09 11:39:11.51835+00
5c379ec4-7683-4081-8df2-14b7a2af4b91	5971457a-778e-4100-ae92-6c1e97c8c771	3	Ahmed	\N	2026-05-09 11:40:39.479167+00
ba8ad6d3-027e-4f17-99ff-a1f7f8947b8b	1d1b1e17-7b20-4f85-afc6-05cb11db369b	2	Balasubramanium	\N	2026-05-09 11:41:35.642123+00
b02ba298-9788-4be1-a1b7-e1b6117976e8	74dcfdbb-bbd8-4746-ae56-27a2883af0c3	1	Gokul	\N	2026-05-09 11:41:50.776195+00
d867533f-fbec-481a-84b5-e4f4be3a0351	c3e6ccf2-f4e6-4688-938c-9488a34f0b96	2	Pranavesh	\N	2026-05-09 11:42:13.253469+00
02cd547c-66ca-4176-864f-41eb8008a298	cd9d7f34-4d85-4456-923f-8377e11ebf8c	1	Balasubramaniam	\N	2026-05-09 11:42:17.438722+00
acfef04d-8a2c-4eb5-ae6d-1b5ca3c98f85	6650cdd7-8699-477e-9736-c1788b7f6c3b	1	Divya	\N	2026-05-09 11:42:29.490166+00
aae19765-559a-4f2d-98ce-109f14fb3bb8	6a31bc36-a7fb-44c6-bc51-14c53778e116	1	Balasubramaniam	\N	2026-05-09 11:42:37.917047+00
65d68c7f-831c-44f5-9138-8c17e82d04f8	a476e89f-b176-45ec-b4dd-58dadd84235b	1	Shalini	\N	2026-05-09 11:42:42.710266+00
809691da-015f-440b-b937-7a7854612bb7	135fd660-9979-46f8-8bfd-bcef41e28d29	4	Indhu	\N	2026-05-09 11:42:57.821126+00
131bbf19-94be-436e-9cfb-590685f61b50	3130b568-f4ef-4ebd-bdcf-ec1d5be76fe1	1	Samishka	\N	2026-05-09 11:43:11.976864+00
90d15612-8097-4b26-8e0e-41385f6d79bc	e0bcb2dc-775f-45ad-9cc5-eba59b11a34c	1	Samishka	\N	2026-05-09 11:43:20.133101+00
704f78db-e8eb-489c-99f6-1c5c88ac67f6	98e4ad4e-c678-4a2a-b112-6c277f84ac71	3	Imran	\N	2026-05-09 11:43:44.583199+00
eb9b7d6f-1d2d-430d-83fc-c88007b09d76	e6eed723-f2ee-4012-abfb-c45554dab49d	3	Madhi	\N	2026-05-09 11:45:16.936382+00
9fee5b50-aa1f-4066-a27d-d81e03609e96	549b0247-19c3-458d-8371-ca07bee16f6e	2	Indhumathi	\N	2026-05-09 11:46:00.976748+00
0aec5933-acdc-494a-835d-04200a09a8d6	74dcfdbb-bbd8-4746-ae56-27a2883af0c3	2	Gokul	\N	2026-05-09 11:46:17.467702+00
51ad7aa0-5ee1-488d-8efb-9db0541eafa6	462af561-d735-4a97-aac6-9a873520ff7b	10	Pradeep	\N	2026-05-09 11:46:35.5505+00
9228d10e-7763-459a-8f7e-db0ece7ba9a6	6b9c49d9-baf8-4963-8f96-ce7ad0246dfb	2	Vani	\N	2026-05-09 11:46:38.188195+00
d6647040-383f-455d-a4df-35efad1aa5b4	5d52899f-2da5-4e4a-8d18-649964762fe1	2	Ramya	\N	2026-05-09 11:46:45.8044+00
d1b8d460-b60d-4704-b753-9497a3214a62	743a26f2-ecdb-4540-b560-b9b2cd5dccc6	1	Vani	\N	2026-05-09 11:46:49.723958+00
308e3895-8517-4ad4-b0e2-67639c833196	a1f530fb-b1bc-46e3-9ced-3622e28e1cfc	1	Muthamizhselvi	\N	2026-05-09 11:49:36.094489+00
9ab929ac-f295-4193-867b-217a8f5067d2	d00b22a9-0973-449a-bbc1-9bd302a03498	3	Vithya Peethambaran	\N	2026-05-09 11:49:42.286514+00
385c94a0-7461-4ca9-8e8f-9253fa2145dc	1ff8cac7-616d-4cfa-aa93-ca1f2c45a5f4	1	Muthamizhselvi	\N	2026-05-09 11:49:44.333393+00
726e00a5-032f-4eda-9a57-3f2969f895d0	eb7f7832-f0a9-44b1-a126-206fd583473c	2	Nithish	\N	2026-05-09 11:49:53.716593+00
074b5f25-9a8f-4d86-a1f5-2378557a8d51	4dd93e15-d925-48f8-a07d-9ed2b8af7502	1	Nithish	\N	2026-05-09 11:50:47.817799+00
8952ddfa-f32d-4a19-8069-99f06a0452e9	1b386c78-3dd5-4e00-a404-da3694e55d35	1	Babin	\N	2026-05-09 11:51:16.825625+00
f78e08c7-0662-431b-8065-da39c305bec7	2425e05f-ad6c-420c-8eeb-ac43237e61a2	1	Srinath Renganathan	\N	2026-05-09 11:51:22.901683+00
4de5ff69-9a39-47ea-bd88-4a8f1091c0d8	e2f537d4-02a7-4ee4-947b-cd70fcc1d361	1	Baravathavarthini	\N	2026-05-09 11:51:29.812986+00
e4a5d383-2a3e-4852-962d-cf2e29d76adc	bf9bf79e-3cf5-419d-885a-2c48d3ab81fb	1	Pavithra Devi	\N	2026-05-09 11:51:38.103814+00
ed21c2f6-d219-4e55-9027-4cde83360ecf	92db0fc2-9adc-4f1b-b269-4763fd8e4dba	1	Abinaya	\N	2026-05-09 11:52:06.461815+00
2df14a52-ae36-406d-87b3-48c53f2bb5cd	81fcafc9-ebe4-4608-8a74-d9d0803513cd	1	Jagadesan P	\N	2026-05-09 11:52:15.753472+00
1e8d7797-a564-4425-8f42-56981e643c9a	81fcafc9-ebe4-4608-8a74-d9d0803513cd	1	Jagadesan P	\N	2026-05-09 11:52:18.093124+00
bd2ba2c3-2e16-416a-af6d-6b2ccd751a30	1123dcc2-c6a7-41be-8113-2b797f05ef43	1	Jagadesan P	\N	2026-05-09 11:52:27.213585+00
5445e14f-639d-4e72-989f-50c381af3fb3	1563082c-608b-4163-9049-18490e6aa786	1	Vinodh Khanna	\N	2026-05-09 11:52:44.752296+00
05007fd7-1ec6-4b95-be6e-25b91833830c	fe71b702-cd3e-4439-8265-c0906c1b8aca	2	Syed	\N	2026-05-09 11:53:11.79941+00
47bfaf6e-3108-435e-aeea-f3b3822324b5	d2ac7a0f-d28b-47d8-9500-68ae120e6562	2	Punith	\N	2026-05-09 11:53:22.25472+00
36535c90-9469-4585-8b95-1eec9f7ba982	f9407869-dcd2-4701-a838-4ead0385e25e	2	Arvind	\N	2026-05-09 11:53:31.567996+00
c3521c6c-8dd1-4fb7-81e5-dceea13337fc	e2d439e9-47ae-4872-b42f-74914386d0ac	2	John	\N	2026-05-09 11:54:23.511404+00
7dfbebd2-71a9-4d8b-baad-daed163c34c7	4d4e6544-a474-4ee4-a44f-022c1ccb232d	1	Punith	\N	2026-05-09 11:54:53.839514+00
a739cf1c-b859-404d-bbc9-d2d0f630c548	72eecb5b-7477-4bcb-b563-8d95fe97c728	1	Venessa	\N	2026-05-09 11:55:04.808367+00
2492092f-621a-472e-b8db-0126d5265292	727cbb45-97e7-485a-ada8-a992bf2a4738	2	Durga	\N	2026-05-09 11:59:04.926033+00
a84cfd72-4310-491b-b4dc-307ada23d380	c550e99a-5906-4593-b31f-48513e6a9a7b	2	Dinesh	\N	2026-05-09 11:59:23.869248+00
b7192240-30c8-4c74-880d-0c7c634f25a5	3c87753a-7b2a-4e00-90a5-6c5e1148d75d	2	Manikandan C	\N	2026-05-09 12:00:09.998299+00
28a4045b-f4be-4c5e-952c-7ae0f870b6f4	0699c10c-5730-4341-9bab-64761b4644aa	2	Preethi	\N	2026-05-09 12:00:20.297231+00
d31500cc-9921-4831-a9be-3eb08b9ddbfd	e993c528-ee94-44d3-976b-47c558bfbf3f	3	Prawinkumar	\N	2026-05-09 12:00:31.494637+00
2cc9567a-ca61-4ef6-abde-c57b2ab854e6	840ec21c-63bc-4642-bcb0-a3b1c24f2839	3	Deepak	\N	2026-05-09 12:01:19.114982+00
a2f2086a-7963-4659-ab37-5e1ffa7ea1b7	a8e32f30-0338-494b-a8bd-cf9197cde178	4	Boopathy 	\N	2026-05-09 12:01:40.038266+00
453cbec5-52d1-406f-8163-fd0e1d9bb8fc	ebad84b8-c172-4ff1-bd72-7600d3e59a5f	3	Mr.Ashok 	\N	2026-05-09 12:01:52.261333+00
5d9f3d91-a6b3-4b32-8665-2f1106ec696c	d10510ec-2cc0-4157-bdb2-a1ce0c2efd65	3	Vasantha kumar	\N	2026-05-09 12:02:21.9849+00
5959b76c-c97e-4e35-8d78-fc9bf3ff8206	f20a5c4f-273f-481e-822f-f38fb9bb962f	4	Manigandan	\N	2026-05-09 12:03:00.07799+00
220baf11-b900-4221-be07-dad81d4b82b4	75a0be6d-96e3-4775-97b6-f4518f0b5d59	4	Ramya	\N	2026-05-09 12:03:08.406885+00
3b28383d-c1b8-4610-a0db-66cf2ab56e88	7cde665d-a1a5-4721-9796-4f16e9d8743d	3	Pratikaa	\N	2026-05-09 12:03:24.593474+00
539c66d2-52d2-4373-9d18-c6cfe0b92ca5	f73d7ae0-988d-4f45-a7a4-a2afea62bf95	1	Uma	\N	2026-05-09 12:04:07.853028+00
4014f473-ad13-4608-a08c-c9da8dbb95dd	3ee03e7c-2df8-4367-98c6-87c09baab363	1	Uma	\N	2026-05-09 12:04:50.772575+00
2658a41b-bb8b-43c1-ad45-0ce081d4ff91	a794f4ab-430a-4110-bd54-5656bdb361c5	1	Chandra Kala	\N	2026-05-09 12:05:00.75075+00
8cb48a2c-652a-47bb-a3b6-f8e97dc6d75b	31e2069e-7762-4ae4-9178-1a47f0698057	2	Uma	\N	2026-05-09 12:05:29.527738+00
fd8362d1-a1a3-4667-bdda-1bee28258f54	1e3700fb-666c-43a9-9797-2b0b2af7e343	2	Santhosh	\N	2026-05-09 12:05:49.671039+00
633963c1-4899-4bdf-8d7e-3fede6c5ac30	2ef96f37-b592-421b-b67b-b6cce826b9c7	4	Subha	\N	2026-05-09 12:06:09.052992+00
3a69f949-fd5e-4641-81c0-bb2669e691a0	f1b32294-62af-4b79-abe6-ed5824882ae8	2	Sarvesh	\N	2026-05-09 12:06:26.422557+00
8f52b546-1953-4319-b7a8-1f89aefe21b2	9d4b3e8e-3832-4677-9dd6-07eb0a3fd510	2	Gladwin	\N	2026-05-09 12:06:31.951079+00
a120bb0a-c1b0-4968-bad6-cf7230ff39c5	060e5559-afff-4635-b576-4537f47bbf3f	1	Jsyashree	\N	2026-05-09 12:06:55.539242+00
e30d9fc2-9c8e-4df6-9f87-3fff398cdce5	65bf19a7-334a-4f4a-bbb3-4a0c38927163	2	Ali	\N	2026-05-09 12:06:58.057755+00
60b2f78d-e8d1-420f-a30a-d72611ae4d28	15ac1801-2f4b-425e-922e-d98909bcfe91	4	Diya Foundation	\N	2026-05-09 12:07:54.577305+00
b37d7625-9f5b-4a23-8152-da439c135558	65b1a784-2da2-43ad-bf99-7dd4bbd2eee9	2	Surya 	\N	2026-05-09 12:08:15.774478+00
a818c353-c060-43ee-94e1-9630f3362e0c	35be7b76-11a9-43bb-b36f-3d99229f9e8b	2	Aravindan babu b s	\N	2026-05-09 12:08:17.082677+00
be10737c-95ac-4790-b7cf-0e589bce5874	dda942a1-a60a-484b-a44f-42bbbaa4bbda	1	Aravindan babu b s	\N	2026-05-09 12:08:24.650971+00
77ac0070-f0fe-4daf-84a7-d512ab794fc2	cdb94352-8ef6-4737-9b1b-e2516170f862	1	Keerthana	\N	2026-05-09 12:09:02.012542+00
3aec1889-45e9-412f-8276-687ae8aa7738	bda73f8e-9522-48b1-a5f2-c0484858cb99	2	Uthra	\N	2026-05-09 12:09:38.568165+00
f43eaca2-07f4-4d39-8358-7ce004047d06	f66a95f0-d2d8-4947-9b81-bfe2c73a6100	1	Uthra	\N	2026-05-09 12:10:19.632374+00
8ba53260-c022-49a9-863b-91bee078d644	61d3d60c-0eb4-41d5-85d0-a3624d3d1980	1	Aravindan babu b s	\N	2026-05-09 12:12:19.159535+00
a51fbc2c-6d20-46b9-bdcf-aaf8f5da5e91	ce396ab0-3573-4b5c-88e7-27d9432dc170	4	Moni	\N	2026-05-09 12:13:46.72104+00
1ce8d96b-86ee-4bd3-8f1c-0590ef7896bd	20478630-5ef8-4c65-8eda-af80ca8c28f0	1	Surya 	\N	2026-05-09 12:17:21.297359+00
4446fd22-5b57-4415-a0db-606042354ee7	75a0be6d-96e3-4775-97b6-f4518f0b5d59	2	Ramya	\N	2026-05-09 12:17:49.640426+00
cfe0ab1e-3966-486a-a861-c0dac6c859d7	6599535a-dfc2-4dd0-a067-89d7c58fbd5a	3	Shyam	\N	2026-05-09 12:18:19.073563+00
733f7fdb-8224-45fd-82b7-c8ad8a7f93a8	4f9e4112-50d0-47b4-a65a-ab4a99af2dc3	2	Krishna Priya	\N	2026-05-09 12:22:28.456182+00
4430ae1d-b50f-47d9-b159-0d15abdbce4e	ef812c84-d3b8-4f8d-8bd4-b1a6de39a390	1	Krishna Priya	\N	2026-05-09 12:22:34.938551+00
7a782339-df96-464e-b191-f125feeb13c3	af372cb8-6083-4f15-8745-a5545e7db405	1	Arun Kumar N	\N	2026-05-09 12:22:39.398923+00
5ecf1331-6f18-427d-8a24-20f6b0dbad94	a5bcfa66-ec31-47e2-8991-fe8b06ac9383	5	Sowmiya	\N	2026-05-09 12:23:00.3191+00
10e7fb22-c826-46f3-a4e4-0e1cb9b89802	24945ff8-a60f-43b6-b8a3-70abd25cc3bd	3	Nadhiya U	\N	2026-05-09 12:24:49.777083+00
99f14993-ab0f-4155-b523-14d246da3742	65b1a784-2da2-43ad-bf99-7dd4bbd2eee9	3	Surya 	\N	2026-05-09 12:27:08.079478+00
dad1b71e-79ed-4e03-b95f-c15dc08e23bd	cb852dd5-2aa2-4025-9416-137fb4600f9a	1	Amritha	\N	2026-05-09 12:27:51.525326+00
e6b863b4-f3da-46f3-a5bb-98aa14bd034d	6493576a-411a-4b8b-ac9d-306439634611	1	Amritha	\N	2026-05-09 12:28:26.962681+00
29d64700-932d-449b-9ef3-ee22634d2f6f	3a9af171-75fe-468c-9547-cfb93fac1411	3	Mathivanan	\N	2026-05-09 12:29:14.013142+00
a71ed475-525b-4282-a3a2-2004fabd59c0	5d581a00-c738-46bd-984c-323f332751ce	3	Avinash G	\N	2026-05-09 12:30:25.896801+00
f57fc4ba-6bec-4742-b194-dfa7bbf507db	ef8e7aca-8f8e-485f-bfc4-573eafbeecca	2	Ramesh	\N	2026-05-09 12:32:02.774659+00
3c6d24db-bea1-41f3-9cfb-90f905428d38	4ee5be14-b9f3-4779-8a25-93fc33dc1044	2	Pradeep Niranjan 	\N	2026-05-09 12:34:02.183848+00
fea5d9ab-7773-470b-92b1-f8c0df9db582	72966909-3733-4c40-a9ae-63614d753892	3	Shyam 	\N	2026-05-09 12:34:29.158501+00
672f1ab1-196d-4f69-b827-d7abc3c4f4ef	19d004b3-cafe-4ba3-84c8-b3985f77f515	2	Mrs and Mr Madhu	\N	2026-05-09 12:37:58.583123+00
d22ae9e1-7937-424e-bc97-a4f14467c307	a8e32f30-0338-494b-a8bd-cf9197cde178	2	Boopathy 	\N	2026-05-09 12:42:01.69354+00
687e5aa6-d86a-4b4b-9340-9149bf35396f	d3169245-adea-4e07-86ab-4678635afda4	1	Harsha	\N	2026-05-09 12:44:55.99358+00
304a5c4f-7e2c-4f39-ad2e-faf91763253b	2bd203f1-11ce-4608-8830-7e2c948b3e90	1	Prabhu	\N	2026-05-09 12:47:43.432134+00
b8be07c9-1603-4c4c-a6f8-a7eeb08f751a	00010256-1861-41d0-ae8a-234a144b72c6	1	Pandiyan	\N	2026-05-09 12:48:35.660467+00
53aeae20-534c-4bbc-bcb0-9b0840faecc0	428cb76d-fb8f-413e-832a-d83348e8d0aa	1	Pandiyan	\N	2026-05-09 12:49:01.927096+00
63b4f654-ee63-4903-a2fb-1fd465af9e31	6e7de3bb-4e89-4a62-b7a8-2b1aec982282	1	Mr.Vinoth	\N	2026-05-09 12:49:18.200173+00
c679a556-02a1-471d-9fbc-b5692ff28143	ce396ab0-3573-4b5c-88e7-27d9432dc170	2	Moni	\N	2026-05-09 12:50:21.639038+00
0b6aaefc-e9af-495f-9eba-1c3b6be319f9	31d86fcc-fb0d-460f-ab3f-6dc24eef81e9	1	Anushya	\N	2026-05-09 12:52:53.658958+00
9cb0e6f7-9b94-4f49-bf11-860fa6578c94	a58e113d-3052-4fc5-9cac-bd9631d551f1	1	Hema	\N	2026-05-09 12:55:56.670415+00
ff070e9c-8b12-4a4a-8fbf-0f99528ef7e5	9da0a4ac-381c-4552-8d07-1fd635d4d0b1	1	Jeniffer	\N	2026-05-09 13:02:14.002019+00
698881a1-77db-46a2-b6fc-7692b15c3d13	d284685e-919c-40eb-a0c9-bb602ba9b2bb	1	Kavitha	\N	2026-05-09 13:02:21.111684+00
46e19172-c1dd-48b4-a265-b07ea4b26402	75a0be6d-96e3-4775-97b6-f4518f0b5d59	1	Ramya	\N	2026-05-09 13:04:02.266101+00
20200701-9cf3-46db-9934-0fcf9630c0cb	7b5995b3-a31d-4afd-975b-78220cdc80e7	9	Vinoth K	\N	2026-05-09 13:05:49.561342+00
75d409d6-c439-4024-aa2d-d2301cc2584a	a8e32f30-0338-494b-a8bd-cf9197cde178	3	Boopathy 	\N	2026-05-09 13:07:59.019742+00
407c5b81-7645-464a-9939-f5c53b4837c2	00010256-1861-41d0-ae8a-234a144b72c6	1	Pandiyan	\N	2026-05-09 13:20:38.246408+00
9a0a9e20-8662-4d29-bf51-e865e2626ddb	c635a657-7811-42c6-9560-7e04c4a4a090	3	Shennick kumar S	\N	2026-05-09 13:23:46.61667+00
44ace4b5-0f40-489b-b421-4678127292f5	b80e011f-caf1-410e-9be0-a9f68741d37e	2	Archana	\N	2026-05-09 13:25:57.806892+00
b2369d23-982c-4130-abe9-a1edf29a5193	fe71b702-cd3e-4439-8265-c0906c1b8aca	1	Syed	\N	2026-05-09 13:27:42.731169+00
8a68787c-c0d2-49a9-bfc7-c7aea46e1e26	c0f1c1c6-dd0f-4f2f-8b5d-30ddc2c0c294	3	Wilfred	\N	2026-05-09 13:28:15.794611+00
c34d9a14-9bc9-48b7-93f9-6a36d07f1e2d	54403579-efea-4e4a-908e-6923fc8afa92	7	Tharun	\N	2026-05-09 13:29:31.372323+00
a905b782-94ae-49f8-a8ec-1e955d4b5525	784914a1-f918-4219-8cfc-a64d64df87ad	9	Vinoth K	\N	2026-05-09 13:41:18.678216+00
b2167b94-b628-404d-852c-1d05dec1f7e1	0326e7eb-f3bc-4b35-abbd-7c6f82f6897e	2	Seetha	\N	2026-05-09 13:44:30.495888+00
966d3773-6247-4b11-888e-622ca19097ca	a476e89f-b176-45ec-b4dd-58dadd84235b	3	Shalini	\N	2026-05-09 13:44:38.211988+00
d04eb6a2-dd2b-4876-b667-02983c2179f2	46367bbc-2ae3-4e07-bbb1-2e6973c391d1	1	Shalini	\N	2026-05-09 13:51:10.293758+00
8df92dc5-6898-4efe-90eb-a787ced69bcd	822010be-f026-41e9-ac77-8320b198e1da	1	Meenu	\N	2026-05-09 13:52:17.600007+00
e74b5f84-ac67-42e2-92fb-29d328e29a34	0cbc8dc6-fe55-428e-9bbd-4279b0ac4af5	1	Raj Shiva	\N	2026-05-09 14:03:54.864402+00
97c890f4-bc8c-434a-b9d3-f6e003a43a5e	06922c2b-c72d-424d-b387-bd2f9fb07f13	2	Vignesh	\N	2026-05-09 14:13:25.570264+00
f06d79f1-4540-4672-8182-e685d6dd1582	1e28337f-0f5f-4b33-ba3d-2c051540bae8	2	Adithya	\N	2026-05-09 14:13:34.053993+00
426a8786-5738-4b52-b1d7-96d23ecee441	37c0c1d6-d1d6-4a93-a703-8245e9b236d1	1	Adithya	\N	2026-05-09 14:13:46.058077+00
55267282-afa6-49c4-8317-8b9a8595e320	39f27f2c-472f-4ba7-94ac-e22bd5ba4cfa	2	Louis	\N	2026-05-10 06:33:12.380774+00
\.


--
-- Data for Name: buckets; Type: TABLE DATA; Schema: storage; Owner: supabase_storage_admin
--

COPY "storage"."buckets" ("id", "name", "owner", "created_at", "updated_at", "public", "avif_autodetection", "file_size_limit", "allowed_mime_types", "owner_id", "type") FROM stdin;
\.


--
-- Data for Name: buckets_analytics; Type: TABLE DATA; Schema: storage; Owner: supabase_storage_admin
--

COPY "storage"."buckets_analytics" ("name", "type", "format", "created_at", "updated_at", "id", "deleted_at") FROM stdin;
\.


--
-- Data for Name: buckets_vectors; Type: TABLE DATA; Schema: storage; Owner: supabase_storage_admin
--

COPY "storage"."buckets_vectors" ("id", "type", "created_at", "updated_at") FROM stdin;
\.


--
-- Data for Name: objects; Type: TABLE DATA; Schema: storage; Owner: supabase_storage_admin
--

COPY "storage"."objects" ("id", "bucket_id", "name", "owner", "created_at", "updated_at", "last_accessed_at", "metadata", "version", "owner_id", "user_metadata") FROM stdin;
\.


--
-- Data for Name: s3_multipart_uploads; Type: TABLE DATA; Schema: storage; Owner: supabase_storage_admin
--

COPY "storage"."s3_multipart_uploads" ("id", "in_progress_size", "upload_signature", "bucket_id", "key", "version", "owner_id", "created_at", "user_metadata", "metadata") FROM stdin;
\.


--
-- Data for Name: s3_multipart_uploads_parts; Type: TABLE DATA; Schema: storage; Owner: supabase_storage_admin
--

COPY "storage"."s3_multipart_uploads_parts" ("id", "upload_id", "size", "part_number", "bucket_id", "key", "etag", "owner_id", "version", "created_at") FROM stdin;
\.


--
-- Data for Name: vector_indexes; Type: TABLE DATA; Schema: storage; Owner: supabase_storage_admin
--

COPY "storage"."vector_indexes" ("id", "name", "bucket_id", "data_type", "dimension", "distance_metric", "metadata_configuration", "created_at", "updated_at") FROM stdin;
\.


--
-- Name: refresh_tokens_id_seq; Type: SEQUENCE SET; Schema: auth; Owner: supabase_auth_admin
--

SELECT pg_catalog.setval('"auth"."refresh_tokens_id_seq"', 1, false);


--
-- Name: tickets_sequence_number_seq; Type: SEQUENCE SET; Schema: public; Owner: postgres
--

SELECT pg_catalog.setval('"public"."tickets_sequence_number_seq"', 782, true);


--
-- Name: vip_ticket_sequence; Type: SEQUENCE SET; Schema: public; Owner: postgres
--

SELECT pg_catalog.setval('"public"."vip_ticket_sequence"', 44, true);


--
-- PostgreSQL database dump complete
--

-- \unrestrict zsk444Eur1LYVbpRTr5h3bLtmmhrdQCUrUu9iAR0tCVTHmpYhUhgci4tZlPf6Lv

RESET ALL;
